,category,recipe-name,recipe-url,prep-time,cook-time,total-time,servings,calories,fat-g,carbs-g,protein-g,cholesterol-mg,sodium-mg,ingredients,num_steps
0,Baked Salmon,Tomato Basil Salmon,https://www.allrecipes.com/recipe/166624/tomato-basil-salmon/,10 m,20 m,30 m,Original recipe yields 2 servings (2 salmon fillets),405  cals,26.6 ,4,36.2 ,104 ,180 ,"2 (6 ounce) boneless salmon fillets;1 tablespoon dried basil;1 tomato, thinly sliced;1 tablespoon olive oil;2 tablespoons grated Parmesan cheese",2
1,Baked Salmon,Salmon with Creamy Dill Sauce,https://www.allrecipes.com/recipe/228111/salmon-with-creamy-dill-sauce/,15 m,30 m,45 m,Original recipe yields 6 servings,420  cals,29 ,4.5,33.4 ,98 ,695 ,"1 (2 pound) salmon fillet;1 teaspoon lemon-pepper seasoning;1 teaspoon onion salt;1 small onion, sliced and separated into rings;6 slices lemon;1/4 cup butter, cut into small chunks;1/3 cup sour cream;1/3 cup mayonnaise;1/4 cup dry white wine;1 tablespoon capers;1 tablespoon finely chopped onion;1 tablespoon caper brine;1 teaspoon lemon juice;1 teaspoon prepared horseradish;3/4 teaspoon dried dill weed;1/4 teaspoon garlic salt;ground black pepper to taste",4
2,Baked Salmon,Chef John's Salmon in Parchment,https://www.allrecipes.com/recipe/223154/chef-johns-salmon-in-parchment/,10 m,40 m,55 m,Original recipe yields 2 servings,873  cals,18.5 ,114.7,62.7 ,100 ,133 ,"parchment paper;1 teaspoon olive oil, or more if needed;6 small potatoes;10 spears asparagus;2 (8 ounce) skinless, boneless, center-cut salmon fillets;salt and ground black pepper to taste;1 teaspoon extra-virgin olive oil",6
3,Baked Salmon,Salmon with Raspberry Ginger Glaze,https://www.allrecipes.com/recipe/216754/salmon-with-raspberry-ginger-glaze/,20 m,55 m,1 h 15 m,Original recipe yields 2 servings,626  cals,16.5 ,104.8,22.5 ,56 ,230 ,"1/2 cup ginger ale;1/2 cup water;1 lemon, juiced;1 tablespoon lemon zest;2 cups frozen sweetened raspberries, thawed;1/4 cup sliced fresh ginger;1/4 cup white sugar;2 salmon fillets;2 teaspoons olive oil;sea salt to taste;ground black pepper to taste;1 tablespoon lemon zest, divided",4
4,Baked Salmon,Salmon with Lemon and Dill,https://www.allrecipes.com/recipe/87279/salmon-with-lemon-and-dill/,10 m,25 m,35 m,Original recipe yields 4 servings,320  cals,22.1 ,2.4,25.7 ,104 ,197 ,"1 pound salmon fillets;1/4 cup butter, melted;5 tablespoons lemon juice;1 tablespoon dried dill weed;1/4 teaspoon garlic powder;sea salt to taste;freshly ground black pepper to taste",3
5,Baked Salmon,Hoisin-Glazed Salmon,https://www.allrecipes.com/recipe/186685/hoisin-glazed-salmon/,10 m,30 m,1 h 10 m,Original recipe yields 6 servings,382  cals,23.1 ,6.9,34.6 ,99 ,848 ,"1/3 cup reduced-sodium soy sauce;1/4 cup hoisin sauce;1 tablespoon chili garlic sauce;2 tablespoons fresh lemon juice;1 tablespoon grated fresh ginger root;1 clove garlic, pressed;2 tablespoons olive oil;6 (6 ounce) skinless, boneless salmon fillets",3
6,Baked Salmon,Crusted Salmon with Honey-Mustard Sauce,https://www.allrecipes.com/recipe/184585/crusted-salmon-with-honey-mustard-sauce/,15 m,15 m,40 m,Original recipe yields 4 servings (4 fillets),476  cals,31.4 ,12.5,34.7 ,167 ,336 ,"1 (1.5 pound) skinless center-cut salmon fillet, cut into 4 pieces;1 cup milk;1/4 cup fine bread crumbs;2 tablespoons grated Parmesan cheese;1 egg;1/4 cup butter, melted;1 tablespoon prepared yellow mustard;1 tablespoon honey",5
7,Baked Salmon,Puff Pastry Salmon,https://www.allrecipes.com/recipe/70923/puff-pastry-salmon/,15 m,20 m,35 m,Original recipe yields 6 servings (2 pastries),685  cals,43.7 ,38.9,33.5 ,55 ,529 ,"2 (12 ounce) skinless, boneless salmon fillets;seasoned salt to taste;1/2 teaspoon garlic powder;1 teaspoon onion powder;1 (17.25 ounce) package frozen puff pastry, thawed;1/3 cup pesto;1 (6 ounce) package spinach leaves",3
8,Baked Salmon,Sara's Soy Marinated and Cream Cheese-Stuffed Salmon,https://www.allrecipes.com/recipe/142632/saras-soy-marinated-and-cream-cheese-stuffed-salmon/,20 m,15 m,55 m,Original recipe yields 4 servings,621  cals,29.6 ,29.7,57.7 ,148 ,3933 ,"1 cup low sodium soy sauce;3 tablespoons honey;2 tablespoons whole grain Dijon mustard;1 teaspoon ground ginger;4 cloves garlic, minced;1/2 teaspoon red pepper flakes, or to taste;4 (8 ounce) salmon fillets or steaks;3/4 cup cream cheese, softened;3 green onions, finely chopped;1/2 teaspoon whole grain Dijon mustard;1/2 cup teriyaki sauce;1 tablespoon sesame seeds",5
9,Baked Salmon,Maple Salmon,https://www.allrecipes.com/recipe/51283/maple-salmon/,10 m,20 m,1 h,Original recipe yields 4 servings,265  cals,12.4 ,14.1,23.2 ,67 ,633 ,"1/4 cup maple syrup;2 tablespoons soy sauce;1 clove garlic, minced;1/4 teaspoon garlic salt;1/8 teaspoon ground black pepper;1 pound salmon",4
10,Baked Salmon,Baked Dijon Salmon,https://www.allrecipes.com/recipe/21176/baked-dijon-salmon/,20 m,15 m,35 m,Original recipe yields 4 servings,422  cals,29 ,17.6,24.3 ,97 ,480 ,"1/4 cup butter, melted;3 tablespoons Dijon mustard;1 1/2 tablespoons honey;1/4 cup dry bread crumbs;1/4 cup finely chopped pecans;4 teaspoons chopped fresh parsley;4 (4 ounce) fillets salmon;salt and pepper to taste;1 lemon, for garnish",4
11,Baked Salmon,Baked Salmon II,https://www.allrecipes.com/recipe/34746/baked-salmon-ii/,15 m,45 m,2 h,Original recipe yields 2 servings,613  cals,51.9 ,2.9,36.3 ,75 ,1235 ,"2 cloves garlic, minced;6 tablespoons light olive oil;1 teaspoon dried basil;1 teaspoon salt;1 teaspoon ground black pepper;1 tablespoon lemon juice;1 tablespoon fresh parsley, chopped;2 (6 ounce) fillets salmon",3
12,Baked Salmon,Balsamic-Glazed Salmon Fillets,https://www.allrecipes.com/recipe/82817/balsamic-glazed-salmon-fillets/,10 m,20 m,30 m,Original recipe yields 6 servings,288  cals,15.5 ,6.5,28.5 ,84 ,171 ,"6 (5 ounce) salmon fillets;4 cloves garlic, minced;1 tablespoon white wine;1 tablespoon honey;1/3 cup balsamic vinegar;4 teaspoons Dijon mustard;salt and pepper to taste;1 tablespoon chopped fresh oregano",4
13,Baked Salmon,Baked Salmon Fillets Dijon,https://www.allrecipes.com/recipe/22538/baked-salmon-fillets-dijon/,10 m,15 m,25 m,Original recipe yields 4 servings,331  cals,21.5 ,7.5,25 ,106 ,552 ,"4 (4 ounce) fillets salmon;3 tablespoons prepared Dijon-style mustard;salt and pepper to taste;1/4 cup Italian-style dry bread crumbs;1/4 cup butter, melted",3
14,Baked Salmon,Salmon with Brown Sugar Glaze,https://www.allrecipes.com/recipe/180764/salmon-with-brown-sugar-glaze/,5 m,10 m,15 m,Original recipe yields 4 servings,330  cals,16.2 ,15,29 ,83 ,310 ,1/4 cup packed light brown sugar;2 tablespoons Dijon mustard;4 (6 ounce) boneless salmon fillets;salt and ground black pepper to taste,3
15,Baked Salmon,Asian Salmon,https://www.allrecipes.com/recipe/54702/asian-salmon/,15 m,30 m,1 h 45 m,Original recipe yields 8 servings,388  cals,12 ,39.6,27.9 ,51 ,279 ,"2 pounds salmon fillets, with skin;2 tablespoons olive oil;2 tablespoons rice vinegar;2 tablespoons soy sauce;1 tablespoon packed brown sugar;2 cloves garlic, minced;1 pinch ground black pepper;2 tablespoons minced onion;1 tablespoon sesame oil;2 cups long-grain white rice;1 teaspoon dried dill weed;3 cups water",4
16,Baked Salmon,Salmon with Dill,https://www.allrecipes.com/recipe/21555/salmon-with-dill/,5 m,25 m,30 m,Original recipe yields 4 servings,262  cals,18.1 ,0.7,22.8 ,82 ,254 ,1 pound salmon fillets or steaks;1/4 teaspoon salt;1/2 teaspoon ground black pepper;1 teaspoon onion powder;1 teaspoon dried dill weed;2 tablespoons butter,3
17,Baked Salmon,Garlic Salmon,https://www.allrecipes.com/recipe/20193/garlic-salmon/,15 m,25 m,40 m,Original recipe yields 6 servings (4 to 6 servings),169  cals,6.7 ,2.1,24.5 ,50 ,48 ,"1 1/2 pounds salmon fillet;salt and pepper to taste;3 cloves garlic, minced;1 sprig fresh dill, chopped;5 slices lemon;5 sprigs fresh dill weed;2 green onions, chopped",4
18,Baked Salmon,Salmon Fillets with Creamy Dill,https://www.allrecipes.com/recipe/89392/salmon-fillets-with-creamy-dill/,5 m,40 m,45 m,Original recipe yields 4 servings,861  cals,76.8 ,4.8,38.6 ,107 ,895 ,"1 1/2 cups mayonnaise;1/2 cup prepared mustard;1 teaspoon chopped fresh thyme;1 teaspoon dried oregano;1 teaspoon chopped fresh basil leaves;1 1/2 pounds salmon fillets;2 teaspoons dried dill, or to taste",3
19,Baked Salmon,Lemon Rosemary Salmon,https://www.allrecipes.com/recipe/80388/lemon-rosemary-salmon/,10 m,20 m,30 m,Original recipe yields 2 servings,257  cals,18 ,6.1,20.5 ,56 ,1017 ,"1 lemon, thinly sliced;4 sprigs fresh rosemary;2 salmon fillets, bones and skin removed;coarse salt to taste;1 tablespoon olive oil, or as needed",3
20,Baked Salmon,Easy Bake Fish,https://www.allrecipes.com/recipe/45361/easy-bake-fish/,15 m,20 m,35 m,Original recipe yields 4 servings,368  cals,18.2 ,15.6,33.5 ,99 ,381 ,3 tablespoons honey;3 tablespoons Dijon mustard;1 teaspoon lemon juice;4 (6 ounce) salmon steaks;1/2 teaspoon pepper,3
21,Baked Salmon,Chef John's Salmon,https://www.allrecipes.com/recipe/219911/chef-johns-salmon/,10 m,15 m,25 m,Original recipe yields 2 servings,496  cals,33 ,2.3,45.1 ,132 ,520 ,"2 (8 ounce) center-cut salmon fillets, with skin;1/4 teaspoon kosher salt;1 teaspoon vegetable oil;1 clove garlic, sliced;1 tablespoon chopped fresh tarragon;1 tablespoon chopped fresh flat-leaf parsley;3 tablespoons mayonnaise;1 teaspoon Dijon mustard;1 teaspoon fresh lemon juice;1 pinch cayenne pepper",7
22,Baked Salmon,Ginger Salmon,https://www.allrecipes.com/recipe/36994/ginger-salmon/,15 m,20 m,35 m,Original recipe yields 4 servings,249  cals,14.7 ,5.3,22.6 ,67 ,161 ,2 teaspoons olive oil;1 tablespoon honey;1 tablespoon Dijon mustard;2 teaspoons grated fresh ginger;1 pound salmon fillets,3
23,Baked Salmon,Dijon Garlic Salmon,https://www.allrecipes.com/recipe/63566/dijon-garlic-salmon/,15 m,20 m,35 m,Original recipe yields 4 servings,310  cals,16.3 ,8.6,29.7 ,83 ,727 ,"4 (6 ounce) salmon fillets;1/3 cup Dijon mustard;4 large cloves garlic, thinly sliced;1 red onion, thinly sliced;1 teaspoon dried tarragon;salt and pepper to taste",3
24,Baked Salmon,Alternative Baked Salmon,https://www.allrecipes.com/recipe/57763/alternative-baked-salmon/,15 m,15 m,30 m,Original recipe yields 2 servings,441  cals,24.9 ,28.2,25.1 ,61 ,689 ,"1 tablespoon olive oil;1 small yellow onion, chopped;1/2 teaspoon dried minced garlic;salt and pepper to taste;1/2 cup herb seasoned bread crumbs;2 tablespoons mayonnaise, or as needed;1 teaspoon mustard powder;2 salmon fillets (about 1 inch thick)",4
25,Baked Salmon,Salmon Loaf,https://www.allrecipes.com/recipe/21503/salmon-loaf/,5 m,45 m,50 m,Original recipe yields 4 servings (1 loaf),293  cals,16.1 ,7.7,27.5 ,110 ,536 ,"1 (14.75 ounce) can salmon, undrained;1/2 cup crushed saltine crackers;1/2 cup milk;1 egg, beaten;salt and pepper to taste;2 tablespoons melted butter",4
26,Broiled Salmon,Mediterranean Salmon,https://www.allrecipes.com/recipe/76763/mediterranean-salmon/,10 m,15 m,25 m,Original recipe yields 4 servings,391  cals,35.2 ,3.6,15 ,42 ,725 ,"1/2 cup olive oil;1/4 cup balsamic vinegar;4 cloves garlic, pressed;4 (3 ounce) fillets salmon;1 tablespoon chopped fresh cilantro;1 tablespoon chopped fresh basil;1 1/2 teaspoons garlic salt",3
27,Broiled Salmon,Melt-in-Your-Mouth Broiled Salmon,https://www.allrecipes.com/recipe/110447/melt-in-your-mouth-broiled-salmon/,30 m,15 m,45 m,Original recipe yields 4 servings,531  cals,39.7 ,4,36.4 ,136 ,772 ,"1 clove garlic, chopped;2 tablespoons olive oil;4 (6 ounce) salmon fillets;1/2 cup butter;2 tablespoons Worcestershire sauce;2 tablespoons lemon juice;1/4 cup white wine;1 teaspoon ground black pepper;1 teaspoon garlic salt;1 1/2 teaspoons fines herbs;1/4 cup chopped fresh dill",4
28,Broiled Salmon,Mango Salsa Salmon,https://www.allrecipes.com/recipe/47658/mango-salsa-salmon/,15 m,15 m,30 m,Original recipe yields 4 servings,493  cals,28.8 ,24,35 ,99 ,107 ,"4 (6 ounce) salmon steaks;3 tablespoons olive oil;1 large red onion, diced;2 cloves garlic, peeled and minced;2 tomatoes, diced;1 sprig fresh cilantro, chopped;2 mangos - peeled, seeded, and diced",3
29,Broiled Salmon,Lemon-Pepper Salmon II,https://www.allrecipes.com/recipe/54196/lemon-pepper-salmon-ii/,15 m,8 m,23 m,Original recipe yields 4 servings,239  cals,16.7 ,0.9,20.2 ,71 ,892 ,"4 (4 ounce) salmon fillets;2 tablespoons butter, melted;2 tablespoons soy sauce;lemon pepper to taste",3
30,Broiled Salmon,Marinated Wild Salmon,https://www.allrecipes.com/recipe/84675/marinated-wild-salmon/,15 m,15 m,30 m,Original recipe yields 4 servings (4 salmon fillets),379  cals,26.2 ,12.3,23.5 ,68 ,74 ,"4 salmon fillets;salt and pepper to taste;1 tablespoon onion powder;1 teaspoon crushed red pepper flakes;1/4 cup olive oil;1/4 cup fresh lemon juice;4 cloves garlic, minced;3 tablespoons white balsamic vinegar;2 tablespoons white sugar;2 tablespoons chopped green onions;2 tablespoons chopped cilantro",4
31,Broiled Salmon,Yogurt-Marinated Salmon Fillets (Dahi Machhali Masaledar),https://www.allrecipes.com/recipe/142250/yogurt-marinated-salmon-fillets-dahi-machhali-masaledar/,15 m,15 m,8 h 30 m,Original recipe yields 4 servings (4 fillets),365  cals,18.9 ,8.8,37.8 ,100 ,731 ,"1 cup fat-free plain yogurt;1/2 tablespoon cayenne pepper;6 cloves garlic, minced;2 (2 inch) pieces fresh ginger root, minced;2 tablespoons cilantro, finely chopped;1 tablespoon ground coriander seed;1 teaspoon ground cumin;1 teaspoon salt;1/4 teaspoon ground turmeric;4 (6 ounce) skinless, boneless salmon fillets",3
32,Broiled Salmon,Mexican Salmon,https://www.allrecipes.com/recipe/38025/mexican-salmon/,20 m,10 m,1 h 30 m,Original recipe yields 4 servings,394  cals,21.6 ,11.9,38.2 ,119 ,298 ,"2 tablespoons olive oil;2 limes, juiced;2 marinated roasted red peppers, with liquid;1 clove garlic, finely chopped;1/8 teaspoon ground allspice;1/8 teaspoon ground cinnamon;1/4 teaspoon ground cumin;1/4 teaspoon white sugar;salt and pepper to taste;1 1/2 pounds salmon steaks;1 large tomato, cut into thin wedges;3 green onions, chopped;1 cup shredded lettuce;1 lime, sliced",3
33,Broiled Salmon,Spicy-Sweet Glazed Salmon,https://www.allrecipes.com/recipe/145843/spicy-sweet-glazed-salmon/,10 m,10 m,2 h 20 m,Original recipe yields 6 servings,330  cals,18.8 ,14.5,25.1 ,77 ,664 ,"1 1/2 pounds fresh salmon fillet with skin removed;1/4 cup red wine vinegar;1/4 cup olive oil;1/4 cup soy sauce;1/4 cup water;1 tablespoon lemon juice;1/2 teaspoon red pepper flakes, or to taste;1 teaspoon onion powder;1 teaspoon garlic powder;2 teaspoons chopped fresh cilantro;1/3 cup brown sugar, packed;salt and ground black pepper to taste",5
34,Broiled Salmon,Chef John's Salmon,https://www.allrecipes.com/recipe/219911/chef-johns-salmon/,10 m,15 m,25 m,Original recipe yields 2 servings,496  cals,33 ,2.3,45.1 ,132 ,520 ,"2 (8 ounce) center-cut salmon fillets, with skin;1/4 teaspoon kosher salt;1 teaspoon vegetable oil;1 clove garlic, sliced;1 tablespoon chopped fresh tarragon;1 tablespoon chopped fresh flat-leaf parsley;3 tablespoons mayonnaise;1 teaspoon Dijon mustard;1 teaspoon fresh lemon juice;1 pinch cayenne pepper",7
35,Broiled Salmon,Delicious Salmon,https://www.allrecipes.com/recipe/134137/delicious-salmon/,10 m,7 m,4 h 22 m,Original recipe yields 4 servings (4 fillets),318  cals,17.4 ,15.8,24.1 ,59 ,1514 ,"1/3 cup soy sauce;1/4 cup olive oil;1/4 cup brown sugar;2 teaspoons lemon pepper;2 cloves garlic, minced;1 pound skin-on salmon fillet",3
36,Broiled Salmon,Soy Ginger Salmon,https://www.allrecipes.com/recipe/86245/soy-ginger-salmon/,10 m,10 m,3 h 20 m,Original recipe yields 4 servings,333  cals,15.8 ,22.3,24.1 ,67 ,764 ,"1 pound salmon fillets;1/3 cup brown sugar, divided;2 teaspoons lemon pepper, divided;1 teaspoon garlic powder, divided;1/3 cup low sodium soy sauce;1 tablespoon olive oil;1 (1 inch) piece fresh ginger root, minced;1/3 cup orange juice",5
37,Broiled Salmon,Stephan's Broiled Salmon Pesto,https://www.allrecipes.com/recipe/12761/stephans-broiled-salmon-pesto/,10 m,15 m,40 m,Original recipe yields 4 servings,917  cals,67.4 ,12.7,62.6 ,164 ,851 ,2 pounds salmon fillets;2 lemons;1 1/2 cups pesto;1/2 cup white wine,4
38,Broiled Salmon,Sweet 'n' Hot Glazed Salmon,https://www.allrecipes.com/recipe/58213/sweet-n-hot-glazed-salmon/,30 m,12 m,42 m,Original recipe yields 4 servings,275  cals,9.4 ,30.6,18.2 ,50 ,321 ,"1 1/2 cups apricot nectar;1/3 cup chopped dried apricots;2 tablespoons honey;2 tablespoons reduced sodium soy sauce;1 tablespoon grated fresh ginger;2 cloves garlic, minced;1/8 teaspoon cayenne pepper;1/4 teaspoon ground cinnamon;1 (3/4 pound) salmon filet without skin",3
39,Broiled Salmon,Alternative Baked Salmon,https://www.allrecipes.com/recipe/57763/alternative-baked-salmon/,15 m,15 m,30 m,Original recipe yields 2 servings,441  cals,24.9 ,28.2,25.1 ,61 ,689 ,"1 tablespoon olive oil;1 small yellow onion, chopped;1/2 teaspoon dried minced garlic;salt and pepper to taste;1/2 cup herb seasoned bread crumbs;2 tablespoons mayonnaise, or as needed;1 teaspoon mustard powder;2 salmon fillets (about 1 inch thick)",4
40,Broiled Salmon,Teriyaki Salmon,https://www.allrecipes.com/recipe/228285/teriyaki-salmon/,10 m,15 m,1 h 25 m,Original recipe yields 4 servings,411  cals,25.8 ,10.3,33.6 ,83 ,973 ,"1/4 cup sesame oil;1/4 cup lemon juice;1/4 cup soy sauce;2 tablespoons brown sugar, or more to taste;1 tablespoon sesame seeds;1 teaspoon ground mustard;1 teaspoon ground ginger;1/4 teaspoon garlic powder;4 (6 ounce) salmon steaks",3
41,Broiled Salmon,Simple Sassy Salmon,https://www.allrecipes.com/recipe/164467/simple-sassy-salmon/,10 m,12 m,1 h 7 m,Original recipe yields 4 servings,303  cals,19.2 ,9.2,23.3 ,75 ,192 ,"1 tablespoon butter, melted;1 tablespoon vegetable oil;1 tablespoon Worcestershire sauce;2 tablespoons honey mustard;1 tablespoon brown sugar;1 tablespoon garlic powder;1 pound salmon fillet",3
42,Broiled Salmon,Miso Maple-Glazed Salmon,https://www.allrecipes.com/recipe/220324/miso-maple-glazed-salmon/,5 m,15 m,20 m,Original recipe yields 2 servings,365  cals,19.3 ,16,30.5 ,83 ,902 ,"1 1/2 tablespoons yellow miso paste;1 1/2 tablespoons seasoned rice vinegar;1 1/2 tablespoons maple syrup;1 teaspoon hot chili sauce (such as Sriracha®) (optional);1 teaspoon vegetable oil;2 (6 ounce) center-cut salmon fillets, with skin",6
43,Broiled Salmon,Citrus Broiled Alaska Salmon,https://www.allrecipes.com/recipe/9337/citrus-broiled-alaska-salmon/,15 m,15 m,30 m,Original recipe yields 8 servings,168  cals,3.9 ,11.6,21.5 ,48 ,52 ,4 large oranges;8 (4 ounce) fillets salmon;2 teaspoons red wine vinegar;1/2 cup chopped green onions;2 teaspoons cracked black pepper,3
44,Broiled Salmon,Bloody Mary Salmon,https://www.allrecipes.com/recipe/29469/bloody-mary-salmon/,10 m,7 m,47 m,Original recipe yields 2 servings,444  cals,24.6 ,6,46.3 ,134 ,728 ,1 pound salmon fillets;salt and pepper to taste;1 cup spicy Bloody Mary mix,3
45,Broiled Salmon,Easy Mustard-Glazed Broiled Salmon ,https://www.allrecipes.com/recipe/239061/easy-mustard-glazed-broiled-salmon/,10 m,5 m,15 m,Original recipe yields 2 servings,271  cals,14.4 ,2.5,30.2 ,96 ,411 ,1 teaspoon vegetable oil;1 1/2 tablespoons Dijon mustard;2 teaspoons rice vinegar;1/2 teaspoon Sriracha hot sauce (optional);salt to taste;2 (5 ounce) salmon fillets,4
46,Main Dish Salmon,Carly's Salmon En Papillote (In Paper),https://www.allrecipes.com/recipe/219188/carlys-salmon-en-papillote-in-paper/,20 m,20 m,40 m,Original recipe yields 4 servings,224  cals,11.5 ,6.2,25.5 ,50 ,51 ,"4 (4 ounce) salmon fillets;1 lemon, juice only;salt and ground black pepper to taste;4 12x18-inch pieces of parchment paper;1 lemon, thinly sliced;1/2 cup green onions, chopped;8 spears fresh asparagus, cut into 1-1/2 inch pieces;4 teaspoons olive oil",4
47,Main Dish Salmon,Lemon Rosemary Salmon,https://www.allrecipes.com/recipe/80388/lemon-rosemary-salmon/,10 m,20 m,30 m,Original recipe yields 2 servings,257  cals,18 ,6.1,20.5 ,56 ,1017 ,"1 lemon, thinly sliced;4 sprigs fresh rosemary;2 salmon fillets, bones and skin removed;coarse salt to taste;1 tablespoon olive oil, or as needed",3
48,Main Dish Salmon,Salmon Tango,https://www.allrecipes.com/recipe/29455/salmon-tango/,15 m,8 m,1 h 23 m,Original recipe yields 5 servings,323  cals,18.9 ,11.7,24.5 ,101 ,308 ,"1/4 cup butter, melted;1/4 cup brown sugar;1 tablespoon soy sauce;2 tablespoons lemon juice;2 tablespoons white wine;1 1/4 pounds salmon fillets",4
49,Main Dish Salmon,Cheesy Baked Salmon,https://www.allrecipes.com/recipe/68925/cheesy-baked-salmon/,15 m,25 m,40 m,Original recipe yields 4 servings,515  cals,33.4 ,2.9,48.3 ,148 ,327 ,"2 pounds salmon fillets;2 cloves garlic, crushed;1 teaspoon dried dill weed;salt to taste;ground black pepper to taste;1 cup shredded Cheddar cheese;6 green onions, chopped",3
50,Main Dish Salmon,Marinated Wild Salmon,https://www.allrecipes.com/recipe/84675/marinated-wild-salmon/,15 m,15 m,30 m,Original recipe yields 4 servings (4 salmon fillets),379  cals,26.2 ,12.3,23.5 ,68 ,74 ,"4 salmon fillets;salt and pepper to taste;1 tablespoon onion powder;1 teaspoon crushed red pepper flakes;1/4 cup olive oil;1/4 cup fresh lemon juice;4 cloves garlic, minced;3 tablespoons white balsamic vinegar;2 tablespoons white sugar;2 tablespoons chopped green onions;2 tablespoons chopped cilantro",4
51,Main Dish Salmon,Maple Salmon,https://www.allrecipes.com/recipe/51283/maple-salmon/,10 m,20 m,1 h,Original recipe yields 4 servings,265  cals,12.4 ,14.1,23.2 ,67 ,633 ,"1/4 cup maple syrup;2 tablespoons soy sauce;1 clove garlic, minced;1/4 teaspoon garlic salt;1/8 teaspoon ground black pepper;1 pound salmon",4
52,Main Dish Salmon,Grilled Salmon I,https://www.allrecipes.com/recipe/12720/grilled-salmon-i/,15 m,16 m,2 h 31 m,Original recipe yields 6 servings,318  cals,20.1 ,13.2,20.5 ,56 ,1092 ,1 1/2 pounds salmon fillets;lemon pepper to taste;garlic powder to taste;salt to taste;1/3 cup soy sauce;1/3 cup brown sugar;1/3 cup water;1/4 cup vegetable oil,4
53,Main Dish Salmon,Baked Dijon Salmon,https://www.allrecipes.com/recipe/21176/baked-dijon-salmon/,20 m,15 m,35 m,Original recipe yields 4 servings,422  cals,29 ,17.6,24.3 ,97 ,480 ,"1/4 cup butter, melted;3 tablespoons Dijon mustard;1 1/2 tablespoons honey;1/4 cup dry bread crumbs;1/4 cup finely chopped pecans;4 teaspoons chopped fresh parsley;4 (4 ounce) fillets salmon;salt and pepper to taste;1 lemon, for garnish",4
54,Main Dish Salmon,Baked Salmon II,https://www.allrecipes.com/recipe/34746/baked-salmon-ii/,15 m,45 m,2 h,Original recipe yields 2 servings,613  cals,51.9 ,2.9,36.3 ,75 ,1235 ,"2 cloves garlic, minced;6 tablespoons light olive oil;1 teaspoon dried basil;1 teaspoon salt;1 teaspoon ground black pepper;1 tablespoon lemon juice;1 tablespoon fresh parsley, chopped;2 (6 ounce) fillets salmon",3
55,Main Dish Salmon,Alaska Salmon Bake with Pecan Crunch Coating,https://www.allrecipes.com/recipe/9336/alaska-salmon-bake-with-pecan-crunch-coating/,20 m,10 m,30 m,Original recipe yields 6 servings,368  cals,22.4 ,15.9,26.1 ,91 ,353 ,"3 tablespoons Dijon mustard;3 tablespoons butter, melted;5 teaspoons honey;1/2 cup fresh bread crumbs;1/2 cup finely chopped pecans;3 teaspoons chopped fresh parsley;6 (4 ounce) fillets salmon;salt and pepper to taste;6 lemon wedges",3
56,Main Dish Salmon,Balsamic-Glazed Salmon Fillets,https://www.allrecipes.com/recipe/82817/balsamic-glazed-salmon-fillets/,10 m,20 m,30 m,Original recipe yields 6 servings,288  cals,15.5 ,6.5,28.5 ,84 ,171 ,"6 (5 ounce) salmon fillets;4 cloves garlic, minced;1 tablespoon white wine;1 tablespoon honey;1/3 cup balsamic vinegar;4 teaspoons Dijon mustard;salt and pepper to taste;1 tablespoon chopped fresh oregano",4
57,Main Dish Salmon,Baked Salmon Fillets Dijon,https://www.allrecipes.com/recipe/22538/baked-salmon-fillets-dijon/,10 m,15 m,25 m,Original recipe yields 4 servings,331  cals,21.5 ,7.5,25 ,106 ,552 ,"4 (4 ounce) fillets salmon;3 tablespoons prepared Dijon-style mustard;salt and pepper to taste;1/4 cup Italian-style dry bread crumbs;1/4 cup butter, melted",3
58,Main Dish Salmon,Firecracker Grilled Alaska Salmon,https://www.allrecipes.com/recipe/16699/firecracker-grilled-alaska-salmon/,20 m,20 m,6 h 40 m,Original recipe yields 8 servings,307  cals,21.5 ,4.6,23.3 ,63 ,649 ,"8 (4 ounce) fillets salmon;1/2 cup peanut oil;4 tablespoons soy sauce;4 tablespoons balsamic vinegar;4 tablespoons green onions, chopped;3 teaspoons brown sugar;2 cloves garlic, minced;1 1/2 teaspoons ground ginger;2 teaspoons crushed red pepper flakes;1 teaspoon sesame oil;1/2 teaspoon salt",3
59,Main Dish Salmon,Blackened Salmon Fillets,https://www.allrecipes.com/recipe/36487/blackened-salmon-fillets/,15 m,10 m,25 m,Original recipe yields 4 servings,511  cals,38.3 ,4.5,37.4 ,166 ,1248 ,"2 tablespoons ground paprika;1 tablespoon ground cayenne pepper;1 tablespoon onion powder;2 teaspoons salt;1/2 teaspoon ground white pepper;1/2 teaspoon ground black pepper;1/4 teaspoon dried thyme;1/4 teaspoon dried basil;1/4 teaspoon dried oregano;4 salmon fillets, skin and bones removed;1/2 cup unsalted butter, melted",3
60,Main Dish Salmon,Salmon with Brown Sugar Glaze,https://www.allrecipes.com/recipe/180764/salmon-with-brown-sugar-glaze/,5 m,10 m,15 m,Original recipe yields 4 servings,330  cals,16.2 ,15,29 ,83 ,310 ,1/4 cup packed light brown sugar;2 tablespoons Dijon mustard;4 (6 ounce) boneless salmon fillets;salt and ground black pepper to taste,3
61,Main Dish Salmon,Asian Salmon,https://www.allrecipes.com/recipe/54702/asian-salmon/,15 m,30 m,1 h 45 m,Original recipe yields 8 servings,388  cals,12 ,39.6,27.9 ,51 ,279 ,"2 pounds salmon fillets, with skin;2 tablespoons olive oil;2 tablespoons rice vinegar;2 tablespoons soy sauce;1 tablespoon packed brown sugar;2 cloves garlic, minced;1 pinch ground black pepper;2 tablespoons minced onion;1 tablespoon sesame oil;2 cups long-grain white rice;1 teaspoon dried dill weed;3 cups water",4
62,Main Dish Salmon,Oregon Salmon Patties,https://www.allrecipes.com/recipe/58868/oregon-salmon-patties/,10 m,15 m,25 m,Original recipe yields 5 servings (5 patties),441  cals,29 ,20,24.2 ,123 ,634 ,"1 (14.75 ounce) can salmon;2 tablespoons butter;1 medium onion, chopped;2/3 cup cracker crumbs;2 eggs, beaten;1/4 cup chopped fresh parsley;1 teaspoon dry mustard;3 tablespoons shortening",3
63,Main Dish Salmon,Salmon with Lemon and Dill,https://www.allrecipes.com/recipe/87279/salmon-with-lemon-and-dill/,10 m,25 m,35 m,Original recipe yields 4 servings,320  cals,22.1 ,2.4,25.7 ,104 ,197 ,"1 pound salmon fillets;1/4 cup butter, melted;5 tablespoons lemon juice;1 tablespoon dried dill weed;1/4 teaspoon garlic powder;sea salt to taste;freshly ground black pepper to taste",3
64,Main Dish Salmon,Potato Salmon Patties,https://www.allrecipes.com/recipe/42067/potato-salmon-patties/,15 m,10 m,45 m,Original recipe yields 5 servings (10 patties),252  cals,13.8 ,8,23.1 ,111 ,509 ,"1 (14.75 ounce) can salmon, drained and flaked;2 eggs, beaten;1/4 cup garlic and herb seasoned dry bread crumbs;1/4 cup dry potato flakes;1 medium onion, minced;1 clove garlic, minced;1/4 teaspoon dried dill weed;1/4 teaspoon celery salt;salt and pepper to taste;2 tablespoons olive oil",2
65,Main Dish Salmon,Salmon with Dill,https://www.allrecipes.com/recipe/21555/salmon-with-dill/,5 m,25 m,30 m,Original recipe yields 4 servings,262  cals,18.1 ,0.7,22.8 ,82 ,254 ,1 pound salmon fillets or steaks;1/4 teaspoon salt;1/2 teaspoon ground black pepper;1 teaspoon onion powder;1 teaspoon dried dill weed;2 tablespoons butter,3
66,Main Dish Salmon,Cedar Planked Salmon,https://www.allrecipes.com/recipe/109297/cedar-planked-salmon/,15 m,20 m,35 m,Original recipe yields 6 servings,678  cals,45.8 ,1.7,61.3 ,179 ,981 ,"3 (12 inch) untreated cedar planks;1/3 cup vegetable oil;1 1/2 tablespoons rice vinegar;1 teaspoon sesame oil;1/3 cup soy sauce;1/4 cup chopped green onions;1 tablespoon grated fresh ginger root;1 teaspoon minced garlic;2 (2 pound) salmon fillets, skin removed",4
67,Main Dish Salmon,Heather's Grilled Salmon,https://www.allrecipes.com/recipe/218093/heathers-grilled-salmon/,10 m,10 m,1 h 20 m,Original recipe yields 4 servings,380  cals,19.4 ,15.7,34.7 ,88 ,1251 ,1/4 cup brown sugar;1/4 cup olive oil;1/4 cup soy sauce;2 teaspoons lemon pepper;1 teaspoon dried thyme;1 teaspoon dried basil;1 teaspoon dried parsley;1/2 teaspoon garlic powder;4 (6 ounce) salmon fillets,3
68,Main Dish Salmon,Salmon Patties I,https://www.allrecipes.com/recipe/9401/salmon-patties-i/,15 m,10 m,25 m,Original recipe yields 5 servings (4 to 6 servings),224  cals,10.4 ,9,22.3 ,74 ,523 ,1 (14.75 ounce) can canned salmon;1 egg;1/4 cup chopped onion;1/2 cup seasoned dry bread crumbs;1 tablespoon olive oil,3
69,Main Dish Salmon,Super Simple Salmon,https://www.allrecipes.com/recipe/189058/super-simple-salmon/,5 m,10 m,15 m,Original recipe yields 4 servings (4 fillets),304  cals,15.7 ,3.3,36.6 ,90 ,402 ,1 tablespoon garlic powder;1 tablespoon dried basil;1/2 teaspoon salt;4 (6 ounce) salmon;2 tablespoons butter;4 lemon wedges,2
70,Main Dish Salmon,Garlic Salmon,https://www.allrecipes.com/recipe/20193/garlic-salmon/,15 m,25 m,40 m,Original recipe yields 6 servings (4 to 6 servings),169  cals,6.7 ,2.1,24.5 ,50 ,48 ,"1 1/2 pounds salmon fillet;salt and pepper to taste;3 cloves garlic, minced;1 sprig fresh dill, chopped;5 slices lemon;5 sprigs fresh dill weed;2 green onions, chopped",4
71,Salmon Fillets,Salmon with Pineapple Tomato Salsa,https://www.allrecipes.com/recipe/87497/salmon-with-pineapple-tomato-salsa/,30 m,40 m,1 h 10 m,Original recipe yields 4 servings,477  cals,32.4 ,10.6,34.7 ,99 ,611 ,"1/4 cup fresh lime juice;1/4 cup extra virgin olive oil;2 tablespoons soy sauce;3 tablespoons shallots, chopped;1 teaspoon sugar;1/2 cup diced pineapple;2 large plum tomatoes, diced;1/4 cup chopped fresh basil;salt and pepper to taste;4 (6 ounce) fillets salmon;1/2 cup chicken broth;lemon pepper to taste",4
72,Salmon Fillets,Lemon Rosemary Salmon,https://www.allrecipes.com/recipe/80388/lemon-rosemary-salmon/,10 m,20 m,30 m,Original recipe yields 2 servings,257  cals,18 ,6.1,20.5 ,56 ,1017 ,"1 lemon, thinly sliced;4 sprigs fresh rosemary;2 salmon fillets, bones and skin removed;coarse salt to taste;1 tablespoon olive oil, or as needed",3
73,Salmon Fillets,Fast Salmon with a Ginger Glaze,https://www.allrecipes.com/recipe/221267/fast-salmon-with-a-ginger-glaze/,5 m,20 m,25 m,Original recipe yields 4 servings,377  cals,13.7 ,13.4,48.4 ,100 ,519 ,"4 (8 ounce) fresh salmon fillets;salt to taste;1/3 cup cold water;1/4 cup seasoned rice vinegar;2 tablespoons brown sugar;1 tablespoon hot chile paste (such as sambal oelek);1 tablespoon finely grated fresh ginger;4 cloves garlic, minced;1 teaspoon soy sauce;1/4 cup chopped fresh basil",6
74,Salmon Fillets,Paleo Pecan-Maple Salmon,https://www.allrecipes.com/recipe/244507/paleo-pecan-maple-salmon/,15 m,12 m,2 h 27 m,Original recipe yields 4 servings,350  cals,23 ,12.7,23.8 ,66 ,107 ,4 (4 ounce) fillets salmon;salt and ground black pepper to taste;1/2 cup pecans;3 tablespoons pure maple syrup;1 tablespoon apple cider vinegar;1 teaspoon smoked paprika;1/2 teaspoon chipotle pepper powder;1/2 teaspoon onion powder,4
75,Salmon Fillets,Miso Salmon with Sake Butter,https://www.allrecipes.com/recipe/246750/miso-salmon-with-sake-butter/,20 m,55 m,1 h 15 m,Original recipe yields 4 servings,820  cals,44.3 ,60,34.7 ,156 ,784 ,"2 cups water;1 cup short-grain white rice;1 cup snow peas;cooking spray;4 (6 ounce) 1-inch thick salmon fillets;1/4 cup brown sugar, packed;2 tablespoons low-sodium soy sauce;2 tablespoons hot water;2 tablespoons miso (soybean paste);Sake Butter Sauce:;1 tablespoon unsalted butter;2 tablespoons peeled, matchstick-cut fresh ginger;1 tablespoon minced shallots;1/2 cup sake (Japanese rice wine, such as Momokawa®);1 tablespoon heavy whipping cream;1/2 cup cold unsalted butter, cubed;1 tablespoon sake (Japanese rice wine, such as Momokawa®);1/2 teaspoon fresh lime juice;kosher salt to taste;1 tablespoon chopped fresh chives",8
76,Salmon Fillets,Chef John's Baked Lemon Pepper Salmon,https://www.allrecipes.com/recipe/231702/chef-johns-baked-lemon-pepper-salmon/,10 m,15 m,55 m,Original recipe yields 2 servings (2 fillets),488  cals,28.1 ,7.1,49.5 ,157 ,784 ,"2 tablespoons lemon juice;1 tablespoon ground black pepper;1 1/2 tablespoons mayonnaise;1 tablespoon yellow miso paste;2 teaspoons Dijon mustard;1 pinch cayenne pepper, or to taste;2 (8 ounce) center-cut salmon fillets, boned, skin on;sea salt to taste",6
77,Salmon Fillets,Salmon Fillets with Creamy Dill,https://www.allrecipes.com/recipe/89392/salmon-fillets-with-creamy-dill/,5 m,40 m,45 m,Original recipe yields 4 servings,861  cals,76.8 ,4.8,38.6 ,107 ,895 ,"1 1/2 cups mayonnaise;1/2 cup prepared mustard;1 teaspoon chopped fresh thyme;1 teaspoon dried oregano;1 teaspoon chopped fresh basil leaves;1 1/2 pounds salmon fillets;2 teaspoons dried dill, or to taste",3
78,Salmon Fillets,Big Ray's Lemony Grilled Salmon Fillets with Dill Sauce,https://www.allrecipes.com/recipe/242233/big-rays-lemony-grilled-salmon-fillets-with-dill-sauce/,15 m,15 m,30 m,Original recipe yields 4 servings,243  cals,9.9 ,4,33.8 ,99 ,289 ,"2 lemons, ends trimmed and sliced thickly;4 (6 ounce) fillets salmon;1/2 cup water;1/3 cup lemon juice;1 1/2 teaspoons cornstarch;4 teaspoons butter;3 lemon slices, cut into quarters;1 tablespoon snipped fresh dill;1/4 teaspoon salt;1/8 teaspoon dried chervil;1 dash cayenne pepper",3
79,Salmon Fillets,Curry Salmon with Mango,https://www.allrecipes.com/recipe/245893/curry-salmon-with-mango/,15 m,15 m,30 m,Original recipe yields 4 servings,330  cals,20.6 ,12.2,25 ,50 ,91 ,"1 (1 pound) fillet salmon fillet;1/4 cup avocado oil;1 teaspoon curry powder;salt to taste;1 mango - peeled, seeded, and diced;1/4 cup diced red onion;1 small serrano pepper, diced;1 small bunch cilantro leaves;1 lime",4
80,Salmon Fillets,Grilled Salmon I,https://www.allrecipes.com/recipe/12720/grilled-salmon-i/,15 m,16 m,2 h 31 m,Original recipe yields 6 servings,318  cals,20.1 ,13.2,20.5 ,56 ,1092 ,1 1/2 pounds salmon fillets;lemon pepper to taste;garlic powder to taste;salt to taste;1/3 cup soy sauce;1/3 cup brown sugar;1/3 cup water;1/4 cup vegetable oil,4
81,Salmon Fillets,Baked Dijon Salmon,https://www.allrecipes.com/recipe/21176/baked-dijon-salmon/,20 m,15 m,35 m,Original recipe yields 4 servings,422  cals,29 ,17.6,24.3 ,97 ,480 ,"1/4 cup butter, melted;3 tablespoons Dijon mustard;1 1/2 tablespoons honey;1/4 cup dry bread crumbs;1/4 cup finely chopped pecans;4 teaspoons chopped fresh parsley;4 (4 ounce) fillets salmon;salt and pepper to taste;1 lemon, for garnish",4
82,Salmon Fillets,Baked Salmon II,https://www.allrecipes.com/recipe/34746/baked-salmon-ii/,15 m,45 m,2 h,Original recipe yields 2 servings,613  cals,51.9 ,2.9,36.3 ,75 ,1235 ,"2 cloves garlic, minced;6 tablespoons light olive oil;1 teaspoon dried basil;1 teaspoon salt;1 teaspoon ground black pepper;1 tablespoon lemon juice;1 tablespoon fresh parsley, chopped;2 (6 ounce) fillets salmon",3
83,Salmon Fillets,Balsamic-Glazed Salmon Fillets,https://www.allrecipes.com/recipe/82817/balsamic-glazed-salmon-fillets/,10 m,20 m,30 m,Original recipe yields 6 servings,288  cals,15.5 ,6.5,28.5 ,84 ,171 ,"6 (5 ounce) salmon fillets;4 cloves garlic, minced;1 tablespoon white wine;1 tablespoon honey;1/3 cup balsamic vinegar;4 teaspoons Dijon mustard;salt and pepper to taste;1 tablespoon chopped fresh oregano",4
84,Salmon Fillets,Baked Salmon Fillets Dijon,https://www.allrecipes.com/recipe/22538/baked-salmon-fillets-dijon/,10 m,15 m,25 m,Original recipe yields 4 servings,331  cals,21.5 ,7.5,25 ,106 ,552 ,"4 (4 ounce) fillets salmon;3 tablespoons prepared Dijon-style mustard;salt and pepper to taste;1/4 cup Italian-style dry bread crumbs;1/4 cup butter, melted",3
85,Salmon Fillets,Blackened Salmon Fillets,https://www.allrecipes.com/recipe/36487/blackened-salmon-fillets/,15 m,10 m,25 m,Original recipe yields 4 servings,511  cals,38.3 ,4.5,37.4 ,166 ,1248 ,"2 tablespoons ground paprika;1 tablespoon ground cayenne pepper;1 tablespoon onion powder;2 teaspoons salt;1/2 teaspoon ground white pepper;1/2 teaspoon ground black pepper;1/4 teaspoon dried thyme;1/4 teaspoon dried basil;1/4 teaspoon dried oregano;4 salmon fillets, skin and bones removed;1/2 cup unsalted butter, melted",3
86,Salmon Fillets,Salmon with Brown Sugar Glaze,https://www.allrecipes.com/recipe/180764/salmon-with-brown-sugar-glaze/,5 m,10 m,15 m,Original recipe yields 4 servings,330  cals,16.2 ,15,29 ,83 ,310 ,1/4 cup packed light brown sugar;2 tablespoons Dijon mustard;4 (6 ounce) boneless salmon fillets;salt and ground black pepper to taste,3
87,Salmon Fillets,Asian Salmon,https://www.allrecipes.com/recipe/54702/asian-salmon/,15 m,30 m,1 h 45 m,Original recipe yields 8 servings,388  cals,12 ,39.6,27.9 ,51 ,279 ,"2 pounds salmon fillets, with skin;2 tablespoons olive oil;2 tablespoons rice vinegar;2 tablespoons soy sauce;1 tablespoon packed brown sugar;2 cloves garlic, minced;1 pinch ground black pepper;2 tablespoons minced onion;1 tablespoon sesame oil;2 cups long-grain white rice;1 teaspoon dried dill weed;3 cups water",4
88,Salmon Fillets,Salmon with Lemon and Dill,https://www.allrecipes.com/recipe/87279/salmon-with-lemon-and-dill/,10 m,25 m,35 m,Original recipe yields 4 servings,320  cals,22.1 ,2.4,25.7 ,104 ,197 ,"1 pound salmon fillets;1/4 cup butter, melted;5 tablespoons lemon juice;1 tablespoon dried dill weed;1/4 teaspoon garlic powder;sea salt to taste;freshly ground black pepper to taste",3
89,Salmon Fillets,Salmon with Dill,https://www.allrecipes.com/recipe/21555/salmon-with-dill/,5 m,25 m,30 m,Original recipe yields 4 servings,262  cals,18.1 ,0.7,22.8 ,82 ,254 ,1 pound salmon fillets or steaks;1/4 teaspoon salt;1/2 teaspoon ground black pepper;1 teaspoon onion powder;1 teaspoon dried dill weed;2 tablespoons butter,3
90,Salmon Fillets,Cedar Planked Salmon,https://www.allrecipes.com/recipe/109297/cedar-planked-salmon/,15 m,20 m,35 m,Original recipe yields 6 servings,678  cals,45.8 ,1.7,61.3 ,179 ,981 ,"3 (12 inch) untreated cedar planks;1/3 cup vegetable oil;1 1/2 tablespoons rice vinegar;1 teaspoon sesame oil;1/3 cup soy sauce;1/4 cup chopped green onions;1 tablespoon grated fresh ginger root;1 teaspoon minced garlic;2 (2 pound) salmon fillets, skin removed",4
91,Salmon Fillets,Heather's Grilled Salmon,https://www.allrecipes.com/recipe/218093/heathers-grilled-salmon/,10 m,10 m,1 h 20 m,Original recipe yields 4 servings,380  cals,19.4 ,15.7,34.7 ,88 ,1251 ,1/4 cup brown sugar;1/4 cup olive oil;1/4 cup soy sauce;2 teaspoons lemon pepper;1 teaspoon dried thyme;1 teaspoon dried basil;1 teaspoon dried parsley;1/2 teaspoon garlic powder;4 (6 ounce) salmon fillets,3
92,Salmon Fillets,Super Simple Salmon,https://www.allrecipes.com/recipe/189058/super-simple-salmon/,5 m,10 m,15 m,Original recipe yields 4 servings (4 fillets),304  cals,15.7 ,3.3,36.6 ,90 ,402 ,1 tablespoon garlic powder;1 tablespoon dried basil;1/2 teaspoon salt;4 (6 ounce) salmon;2 tablespoons butter;4 lemon wedges,2
93,Salmon Fillets,Garlic Salmon,https://www.allrecipes.com/recipe/20193/garlic-salmon/,15 m,25 m,40 m,Original recipe yields 6 servings (4 to 6 servings),169  cals,6.7 ,2.1,24.5 ,50 ,48 ,"1 1/2 pounds salmon fillet;salt and pepper to taste;3 cloves garlic, minced;1 sprig fresh dill, chopped;5 slices lemon;5 sprigs fresh dill weed;2 green onions, chopped",4
94,Salmon Fillets,Salmon with Brown Sugar and Bourbon Glaze,https://www.allrecipes.com/recipe/21752/salmon-with-brown-sugar-and-bourbon-glaze/,5 m,15 m,20 m,Original recipe yields 4 servings,561  cals,29.7 ,27,33.6 ,130 ,189 ,4 tablespoons butter;1/2 cup dark brown sugar;4 (6 ounce) salmon steaks;1/3 cup bourbon whiskey,1
95,Salmon Fillets,Delicious Salmon,https://www.allrecipes.com/recipe/134137/delicious-salmon/,10 m,7 m,4 h 22 m,Original recipe yields 4 servings (4 fillets),318  cals,17.4 ,15.8,24.1 ,59 ,1514 ,"1/3 cup soy sauce;1/4 cup olive oil;1/4 cup brown sugar;2 teaspoons lemon pepper;2 cloves garlic, minced;1 pound skin-on salmon fillet",3
96,Salmon Fillets,Slammin' Salmon,https://www.allrecipes.com/recipe/137414/slammin-salmon/,10 m,8 m,2 h 18 m,Original recipe yields 4 servings,664  cals,50.4 ,11.2,40.9 ,112 ,1599 ,"1/4 cup balsamic vinegar;1/4 cup lemon juice;1/4 cup soy sauce;1 teaspoon salt;1 tablespoon brown sugar;1 1/2 teaspoons ground ginger;1 teaspoon paprika;1 teaspoon black pepper;1 teaspoon crushed red pepper flakes;4 cloves garlic, minced;1/4 cup chopped green onions;1 teaspoon sesame oil;1/2 cup peanut oil;8 (4 ounce) skinless, boneless salmon fillets",4
97,Salmon Fillets,Honey-Ginger Grilled Salmon,https://www.allrecipes.com/recipe/29460/honey-ginger-grilled-salmon/,10 m,15 m,40 m,Original recipe yields 4 servings,373  cals,14.5 ,22.3,37.6 ,114 ,1291 ,"1 teaspoon ground ginger;1 teaspoon garlic powder;1/3 cup soy sauce;1/3 cup orange juice;1/4 cup honey;1 green onion, chopped;1 (1 1/2-pound) salmon fillet",3
98,Salmon Patties,Chef John's Salmon Cakes ,https://www.allrecipes.com/recipe/237827/chef-johns-salmon-cakes/,15 m,10 m,55 m,Original recipe yields 4 servings,305  cals,14.6 ,14.6,30.9 ,174 ,1020 ,"1 (14.75 ounce) can red salmon, skin and bone removed, drained and flaked;2 eggs;1/2 lemon, juiced;1 tablespoon chopped capers;1/2 teaspoon salt;1/2 teaspoon ground black pepper;1/2 teaspoon cayenne pepper;12 saltine crackers;1 tablespoon bread crumbs, or as needed;1 tablespoon butter;1 tablespoon olive oil",4
99,Salmon Patties,Sweet Potato Salmon Fish Cakes,https://www.allrecipes.com/recipe/232127/sweet-potato-salmon-fish-cakes/,30 m,45 m,1 h 15 m,Original recipe yields 4 servings (8 salmon cakes),659  cals,26 ,79.3,28.9 ,82 ,716 ,"1 large sweet potato, peeled and cut into large chunks;1 large potato, peeled and cut into large chunks;2 (4 ounce) salmon fillets;2 cups milk;1/4 cup olive oil;1 stalk celery, diced;1 large carrot, diced;1 pinch ground nutmeg;1 pinch red pepper flakes;salt and ground black pepper to taste;3 shallots, diced;1/4 cup chopped fresh parsley;2 tablespoons chopped fresh cilantro;2 tablespoons minced garlic;1/4 cup wheat germ;1 large egg;1 cup dry seasoned bread crumbs;1/2 cup vegetable oil for frying",9
100,Salmon Patties,Potato Salmon Patties,https://www.allrecipes.com/recipe/42067/potato-salmon-patties/,15 m,10 m,45 m,Original recipe yields 5 servings (10 patties),252  cals,13.8 ,8,23.1 ,111 ,509 ,"1 (14.75 ounce) can salmon, drained and flaked;2 eggs, beaten;1/4 cup garlic and herb seasoned dry bread crumbs;1/4 cup dry potato flakes;1 medium onion, minced;1 clove garlic, minced;1/4 teaspoon dried dill weed;1/4 teaspoon celery salt;salt and pepper to taste;2 tablespoons olive oil",2
101,Salmon Patties,Moroccan Salmon Cakes with Garlic Mayonnaise,https://www.allrecipes.com/recipe/26350/moroccan-salmon-cakes-with-garlic-mayonnaise/,20 m,25 m,45 m,Original recipe yields 4 servings (4 to 5 servings),620  cals,46.4 ,26.4,28.8 ,178 ,950 ,"GARLIC MAYONNAISE:;1/2 cup mayonnaise;1 clove garlic, crushed;1/8 teaspoon paprika;SALMON CAKES:;1/2 cup couscous;2/3 cup orange juice;1 (14.75 ounce) can red salmon, drained;1 (10 ounce) package frozen chopped spinach - thawed, drained and squeezed dry;2 egg yolks, beaten;2 cloves garlic, crushed;1 teaspoon ground cumin;1/2 teaspoon ground black pepper;1/2 teaspoon salt;3 tablespoons olive oil",4
102,Salmon Patties,Easy Salmon Cakes,https://www.allrecipes.com/recipe/21297/easy-salmon-cakes/,10 m,8 m,20 m,Original recipe yields 4 servings,476  cals,18.7 ,40,34.8 ,154 ,846 ,"2 cups fresh bread crumbs;2 eggs, beaten;1/4 cup fresh parsley, chopped;1/4 cup chopped green onions;2 teaspoons minced fresh dill weed;1 teaspoon fresh lemon juice;1/4 teaspoon ground black pepper;1 (14.75 ounce) can salmon, drained;2 tablespoons butter",4
103,Salmon Patties,Grandma's Famous Salmon Cakes,https://www.allrecipes.com/recipe/24509/grandmas-famous-salmon-cakes/,10 m,20 m,30 m,Original recipe yields 4 servings,307  cals,20.3 ,2.3,27.5 ,138 ,407 ,"1 (14.75 ounce) can salmon, drained and flaked;2 eggs, beaten;1 small onion, diced;1 teaspoon ground black pepper;3 tablespoons vegetable oil",2
104,Salmon Patties,Salmon Patties,https://www.allrecipes.com/recipe/12835/salmon-patties/,20 m,15 m,35 m,Original recipe yields 10 servings (8 to 10 patties),237  cals,11.8 ,12.3,19.9 ,71 ,80 ,"2 (15 ounce) cans pink salmon;1 onion, finely diced;1 egg, beaten;8 saltine crackers, crushed;salt and pepper to taste;1 stalk celery;1 cup cornmeal;1/8 cup canola oil",3
105,Salmon Patties,Lemon Sauce for Salmon Patties,https://www.allrecipes.com/recipe/48394/lemon-sauce-for-salmon-patties/,5 m,15 m,20 m,Original recipe yields 8 servings (1 cup),43  cals,3.3 ,2.4,0.9 ,9 ,103 ,2 tablespoons butter;4 teaspoons all-purpose flour;3/4 cup milk;2 tablespoons lemon juice;1/4 teaspoon salt;1/8 teaspoon cayenne pepper,1
106,Salmon Patties,Oregon Salmon Patties,https://www.allrecipes.com/recipe/58868/oregon-salmon-patties/,10 m,15 m,25 m,Original recipe yields 5 servings (5 patties),441  cals,29 ,20,24.2 ,123 ,634 ,"1 (14.75 ounce) can salmon;2 tablespoons butter;1 medium onion, chopped;2/3 cup cracker crumbs;2 eggs, beaten;1/4 cup chopped fresh parsley;1 teaspoon dry mustard;3 tablespoons shortening",3
107,Salmon Patties,Salmon Patties I,https://www.allrecipes.com/recipe/9401/salmon-patties-i/,15 m,10 m,25 m,Original recipe yields 5 servings (4 to 6 servings),224  cals,10.4 ,9,22.3 ,74 ,523 ,1 (14.75 ounce) can canned salmon;1 egg;1/4 cup chopped onion;1/2 cup seasoned dry bread crumbs;1 tablespoon olive oil,3
108,Salmon Patties,Salmon Cakes II,https://www.allrecipes.com/recipe/19496/salmon-cakes-ii/,10 m,10 m,40 m,Original recipe yields 4 servings (4 patties),490  cals,33.7 ,15.7,30.1 ,136 ,659 ,"1 (14.75 ounce) can salmon, drained and flaked;1 small onion, minced;1 egg;1/2 cup fresh bread crumbs;1 tablespoon Worcestershire sauce;1/8 teaspoon hot pepper sauce;1/4 teaspoon ground black pepper;1/4 cup shredded Cheddar cheese;2 tablespoons chopped fresh parsley;2 tablespoons all-purpose flour for coating;1/4 cup butter;3 tablespoons olive oil",2
109,Salmon Patties,Scrumptious Salmon Cakes,https://www.allrecipes.com/recipe/240130/scrumptious-salmon-cakes/,15 m,10 m,25 m,Original recipe yields 8 servings (8 salmon cakes),263  cals,12.3 ,10.8,27.8 ,95 ,782 ,"2 (14.75 ounce) cans salmon, drained and flaked;3/4 cup Italian-seasoned panko (Japanese bread crumbs);1/2 cup minced fresh parsley;2 eggs, beaten;2 green onions, chopped;2 teaspoons seafood seasoning (such as Old Bay®);1 1/2 teaspoons ground black pepper;1 1/2 teaspoons garlic powder;3 tablespoons Worcestershire sauce;3 tablespoons grated Parmesan cheese;2 tablespoons Dijon mustard;2 tablespoons creamy salad dressing (such as Miracle Whip®);1 tablespoon olive oil, or as needed, divided",2
110,Salmon Patties,Chef John's Fresh Salmon Cakes,https://www.allrecipes.com/recipe/239541/chef-johns-fresh-salmon-cakes/,20 m,15 m,1 h 35 m,Original recipe yields 4 servings (4 salmon cakes),460  cals,33.5 ,8.5,31.6 ,102 ,337 ,"1 tablespoon extra-virgin olive oil;1/4 cup minced onion;2 tablespoons minced red bell pepper;2 tablespoons minced celery;salt and pepper to taste;1 tablespoon capers;1 1/4 pounds fresh wild salmon, coarsely chopped;1/4 cup mayonnaise;1/4 cup panko bread crumbs;2 cloves garlic, minced;1 teaspoon Dijon mustard;1 pinch cayenne pepper;1 pinch seafood seasoning (such as Old Bay®);1 tablespoon panko bread crumbs, or to taste;2 tablespoons olive oil, or as needed",4
111,Salmon Patties,Salmon Patties II,https://www.allrecipes.com/recipe/9411/salmon-patties-ii/,,,,Original recipe yields 5 servings (4 to 5 servings),351  cals,24.8 ,9.4,21.8 ,74 ,470 ,1 (14.75 ounce) can canned salmon;1 egg;1/2 cup self-rising flour;1 quart vegetable oil for frying,2
112,Salmon Patties,Jim's Salmon Patties,https://www.allrecipes.com/recipe/228513/jims-salmon-patties/,15 m,10 m,55 m,Original recipe yields 6 servings,336  cals,16.1 ,17.1,28.8 ,110 ,682 ,"1 (14.75 ounce) can salmon, drained and flaked;1 (7.5 ounce) can salmon, drained and flaked;1 (4 ounce) packet saltine crackers, crushed;2 eggs, beaten;2 tablespoons mayonnaise;1 1/2 teaspoons Worcestershire sauce;1 1/2 teaspoons fresh lemon juice;1 teaspoon red pepper flakes;1 teaspoon dry mustard;2 tablespoons vegetable oil, or as needed",2
113,Salmon Patties,Salmon Cakes III,https://www.allrecipes.com/recipe/19497/salmon-cakes-iii/,10 m,10 m,20 m,Original recipe yields 4 servings (4 patties),271  cals,14.6 ,6.6,26.6 ,98 ,430 ,"1 (14.75 ounce) can salmon, undrained and flaked;1 slice bread, shredded;1 small onion, grated;1 tablespoon all-purpose flour;1 egg;salt and pepper to taste;1 cup vegetable oil for frying",2
114,Salmon Patties,Super Easy Salmon Cakes,https://www.allrecipes.com/recipe/29506/super-easy-salmon-cakes/,15 m,10 m,25 m,Original recipe yields 4 servings,281  cals,12.2 ,25.5,16.4 ,68 ,570 ,"1 (7 ounce) can salmon, drained and flaked;1 egg, beaten;1 tablespoon olive oil;2 green onions, finely chopped;2 cups finely crushed saltine cracker crumbs;lemon pepper to taste",3
115,Salmon Patties,Salmon Patties III,https://www.allrecipes.com/recipe/34830/salmon-patties-iii/,15 m,45 m,1 h,Original recipe yields 6 servings,194  cals,9.3 ,18.2,9.5 ,50 ,354 ,"1/2 pound salmon;1 red potato, peeled and chopped;1 shallot, minced;1 egg, beaten;1/4 cup Italian seasoned bread crumbs;1 teaspoon dried Italian seasoning;salt and pepper to taste;1/2 cup cornflake crumbs;2 tablespoons olive oil",5
116,Salmon Patties,Salmon Croquette Burgers,https://www.allrecipes.com/recipe/228804/salmon-croquette-burgers/,20 m,20 m,40 m,Original recipe yields 5 servings,225  cals,10 ,10.8,22.2 ,107 ,536 ,"1 (14.75 ounce) can salmon, drained and flaked;2 eggs;2 green onions, chopped;1 celery stalk, diced;1 jalapeno pepper, diced (optional);1/2 cup diced onion;1/2 cup bread crumbs;1 teaspoon prepared mustard;1/2 teaspoon minced garlic;1/4 teaspoon cayenne pepper;1/4 teaspoon dried dill;1 tablespoon vegetable oil",2
117,Salmon Patties,Shredded Potato Salmon Cakes,https://www.allrecipes.com/recipe/77529/shredded-potato-salmon-cakes/,25 m,6 m,31 m,Original recipe yields 12 servings (12 cakes),139  cals,4.6 ,15.9,8.7 ,42 ,119 ,"3 medium potatoes, peeled and shredded;2 eggs;salt and pepper to taste;1 teaspoon Italian seasoning;1/2 pound cooked flaked salmon;3 green onions, chopped;2 tablespoons capers, drained;1 red bell pepper, seeded and chopped;3/4 cup chopped canned banana peppers;3/4 cup sliced fresh mushrooms;3/4 cup dry bread crumbs;1 cup oil for frying, or as needed",2
118,Salmon Patties,Salmon Patties With Dill Sauce,https://www.allrecipes.com/recipe/231040/salmon-patties-with-dill-sauce/,20 m,10 m,30 m,Original recipe yields 2 servings,376  cals,19.5 ,24.2,24.5 ,136 ,1010 ,"Salmon Patties:;1 (5 ounce) can salmon, drained and flaked;1/2 cup dried breadcrumbs;2 tablespoons minced onion;1 tablespoon Dijon mustard;1 egg, lightly beaten;1 teaspoon lemon juice;sea salt and ground black pepper to taste;1 tablespoon olive oil, or as needed;Dill Sauce:;1/4 cup light sour cream;1 teaspoon dill weed;1/4 teaspoon garlic powder;sea salt to taste",3
119,Salmon Salad,Thai Salmon Salad,https://www.allrecipes.com/recipe/16730/thai-salmon-salad/,20 m,20 m,55 m,Original recipe yields 6 servings,249  cals,10.8 ,11.3,26.8 ,77 ,802 ,"4 tablespoons fish sauce;4 tablespoons lime juice;2 teaspoons brown sugar;4 Thai chiles, chopped;1 1/2 pounds salmon fillet;1 teaspoon olive oil;1 onion, thinly sliced;1 large tomato, chopped;1 cup chopped fresh basil;1 head lettuce",5
120,Salmon Salad,Salmon Salad,https://www.allrecipes.com/recipe/14195/salmon-salad/,5 m,5 m,,Original recipe yields 4 servings,182  cals,7.4 ,3.7,23.9 ,44 ,568 ,"2 (7 ounce) cans salmon, drained;2 tablespoons fat-free mayonnaise;2 tablespoons plain low-fat yogurt;1 cup chopped celery;2 tablespoons capers;1/8 teaspoon ground black pepper;8 leaves lettuce",2
121,Salmon Salad,Salmon Avocado Salad,https://www.allrecipes.com/recipe/75085/salmon-avocado-salad/,20 m,15 m,35 m,Original recipe yields 4 servings,423  cals,35.6 ,9.8,18.8 ,78 ,228 ,"2 (6 ounce) fillets salmon;1/4 cup butter, melted and divided;salt and pepper to taste;4 ounces fresh mushrooms, sliced;12 grape tomatoes, halved;2 tablespoons olive oil, divided;8 ounces leaf lettuce, torn into bite-size pieces;1 avocado - peeled, pitted, and cubed;5 sprigs fresh cilantro, chopped;1 fresh jalapeno pepper, chopped;2 tablespoons distilled white vinegar;1 ounce feta cheese, crumbled",4
122,Salmon Salad,Delicious Salmon Pasta Salad,https://www.allrecipes.com/recipe/158272/delicious-salmon-pasta-salad/,25 m,10 m,35 m,Original recipe yields 5 servings,695  cals,48.9 ,44.9,23.1 ,25 ,384 ,"1 (8 ounce) package farfalle pasta;2 heads broccoli, separated into florets;2 carrots, peeled and chopped;1 cup olive oil;2 teaspoons soy sauce;3 tablespoons red wine vinegar;2 cloves garlic, pressed;3 tablespoons fresh lemon juice;salt and pepper to taste;10 ounces canned salmon, drained",4
123,Salmon Salad,Asparagus and Smoked Salmon Salad,https://www.allrecipes.com/recipe/80542/asparagus-and-smoked-salmon-salad/,15 m,10 m,25 m,Original recipe yields 8 servings,159  cals,12.9 ,7,6 ,3 ,304 ,"1 pound fresh asparagus, trimmed and cut into 1 inch pieces;1/2 cup pecans, broken into pieces;2 heads red leaf lettuce, rinsed and torn;1/2 cup frozen green peas, thawed;1/4 pound smoked salmon, cut into 1 inch chunks;1/4 cup olive oil;2 tablespoons lemon juice;1 teaspoon Dijon mustard;1/2 teaspoon salt;1/4 teaspoon pepper",4
124,Salmon Salad,Smoked Salmon and Egg Salad,https://www.allrecipes.com/recipe/16855/smoked-salmon-and-egg-salad/,15 m,15 m,30 m,Original recipe yields 8 servings,333  cals,30.1 ,3.1,13.2 ,294 ,410 ,"12 eggs;2 stalks celery, chopped;1 red onion, chopped;5 ounces diced smoked salmon;1 cup mayonnaise;3 tablespoons chopped fresh dill;salt and pepper to taste",2
125,Salmon Salad,Quick Salmon Salad,https://www.allrecipes.com/recipe/100402/quick-salmon-salad/,15 m,15 m,,Original recipe yields 4 servings (3 cups),248  cals,17.2 ,2.2,20.4 ,43 ,571 ,"2 (6 ounce) cans pink salmon, drained;1/2 cup finely sliced green onions;1/2 cup finely chopped celery;1/4 cup mayonnaise;3/4 teaspoon lemon juice;3/4 teaspoon dried dill;3/4 teaspoon seasoned salt",1
126,Salmon Salad,Summer Salad with Cumin-Crusted Salmon,https://www.allrecipes.com/recipe/78021/summer-salad-with-cumin-crusted-salmon/,,,,Original recipe yields 4 servings,639  cals,39.7 ,37.3,37.1 ,84 ,1139 ,"Salad:;2 ounces pine nuts;5 cups mixed greens;1 (15 ounce) can black beans, drained and rinsed;1 cup scallions, sliced;1 large orange, cut in 1-inch chunks;1/2 cup feta cheese, crumbled;1 cup cilantro, chopped;Dressing:;2 tablespoons orange juice concentrate;4 tablespoons olive oil;1/2 teaspoon cumin;1 1/2 tablespoons balsamic vinegar;2 garlic cloves, crushed;1/4 teaspoon salt;Cumin-Crusted Salmon:;1 1/2 tablespoons cumin;2 teaspoons paprika;1/4 teaspoon salt;1/4 teaspoon freshly ground black pepper;1 pound salmon fillet, skin removed",4
127,Salmon Salad,Lomi Lomi,https://www.allrecipes.com/recipe/84860/lomi-lomi/,10 m,10 m,,Original recipe yields 12 servings,44  cals,1.2 ,3.6,5 ,5 ,476 ,"2 cups diced salted salmon;6 medium tomatoes, diced;1 white onion, chopped;1/2 cup chopped green onion;sea salt to taste;cayenne pepper to taste",1
128,Salmon Salad,Russian Salmon and Potato Salad,https://www.allrecipes.com/recipe/60262/russian-salmon-and-potato-salad/,25 m,15 m,1 h 40 m,Original recipe yields 6 servings,523  cals,38.6 ,22.1,22.3 ,109 ,508 ,"2 eggs;3 medium baking potatoes, peeled and cubed;1 tablespoon olive oil;1 large onion, chopped;1 (16 ounce) can salmon, drained;1 cup mayonnaise, or as needed;1 tablespoon chopped fresh parsley, for garnish",4
129,Salmon Salad,Smoked Salmon Pasta Salad,https://www.allrecipes.com/recipe/186923/smoked-salmon-pasta-salad/,15 m,15 m,30 m,Original recipe yields 6 servings,328  cals,12.6 ,40.6,14.2 ,13 ,383 ,"11 ounces multi-colored fusilli pasta;1 small carrot, grated;1 small onion, chopped;1/2 cup diced cucumber;1/2 cup diced celery;8 ounces smoked salmon, cut into 3/4 inch pieces;1/3 cup mayonnaise;2 teaspoons lemon juice;1 pinch salt;1 pinch ground black pepper;1 pinch cayenne pepper (optional)",3
130,Salmon Salad,Karen's Salmon Salad,https://www.allrecipes.com/recipe/20105/karens-salmon-salad/,15 m,1 h,,Original recipe yields 8 servings,416  cals,16.1 ,46.1,20.8 ,28 ,476 ,"1 (16 ounce) package elbow macaroni;2 ripe tomatoes, diced;4 green onions, chopped;2 dill pickles, diced;1 (14.75 ounce) can salmon, drained;1/2 cup mayonnaise;salt and pepper to taste",2
131,Salmon Salad,Curried Salmon Pasta Salad,https://www.allrecipes.com/recipe/78014/curried-salmon-pasta-salad/,,,,Original recipe yields 8 servings,222  cals,12.3 ,17.6,11 ,18 ,208 ,"1 cup dry pasta, such as macaroni or small shells;8 ounces cooked, skinned salmon;1/2 cup minced red or yellow onion;1 cup diced celery;1 medium red apple, diced;1/2 cup chopped walnuts or dry-roasted, unsalted peanuts;Dressing:;1 (6 ounce) container fat-free yogurt;2 tablespoons olive oil;1 tablespoon curry powder;2 teaspoons fresh lemon juice;2 cloves garlic, crushed;1 teaspoon Dijon mustard;1/2 teaspoon salt (or to taste);Freshly ground black pepper, to taste",1
132,Salmon Salad,Holly's Smoked Salmon Pasta Salad,https://www.allrecipes.com/recipe/60260/hollys-smoked-salmon-pasta-salad/,15 m,10 m,55 m,Original recipe yields 4 servings,448  cals,15 ,56.8,22.2 ,26 ,1033 ,"1 (8 ounce) package farfalle (bow tie) pasta;2 tablespoons extra virgin olive oil;1/2 pound cucumber, sliced;8 ounces smoked salmon, chopped;1 large tomato, sliced;1 small red bell pepper, julienned;salt and freshly ground black pepper to taste;1/2 cup shredded Monterey Jack cheese, divided;1/2 cup fat free blue cheese salad dressing",2
133,Salmon Salad,Asian Salmon Salad,https://www.allrecipes.com/recipe/217785/asian-salmon-salad/,15 m,15 m,30 m,Original recipe yields 4 servings,340  cals,15.4 ,22.8,28.6 ,47 ,1099 ,"1/4 cup Heinz Tomato Ketchup;3 tablespoons teriyaki sauce;2 tablespoons lime juice;2 tablespoons sesame oil;2 tablespoons brown sugar;8 cups lightly packed mesclun salad greens;2 (7.5 ounce) cans canned salmon, skin and bones removed;1 cup thinly sliced carrot;1 cup thinly sliced cucumber;1/4 cup sliced radish;1/4 cup lightly packed cilantro leaves;1 teaspoon toasted sesame seeds",2
134,Salmon Salad,Smoked Salmon & Watercress Salad With Red Onion-Caper Vinaigrette,https://www.allrecipes.com/recipe/76938/smoked-salmon-watercress-salad-with-red-onion-caper-vinaigrette/,,,,Original recipe yields 8 servings,162  cals,15 ,2.2,4.9 ,5 ,501 ,"3 tablespoons lemon juice;1 tablespoon rice wine vinegar;1 tablespoon Dijon mustard;Salt and freshly ground black pepper;1/4 cup drained capers;1/2 medium red onion, thinly sliced;1/2 cup extra-virgin olive oil;8 cups watercress (preferably the kind that's already trimmed, rinsed, bagged);6 ounces smoked salmon, torn or cut into bite-size pieces",2
135,Salmon Salad,Pasta and Salmon Salad,https://www.allrecipes.com/recipe/11938/pasta-and-salmon-salad/,,,,Original recipe yields 4 servings,481  cals,14.5 ,53.3,33.4 ,136 ,418 ,"1 (8 ounce) package tri-colored pasta assortment;3 tablespoons curry powder;3/4 pound medium shrimp, in the shell;1/4 pound smoked salmon, chopped;1 1/2 cups frozen green peas, thawed;1 tablespoon chopped fresh tarragon;1 teaspoon lemon juice;salt to taste;ground black pepper to taste;3 tablespoons olive oil",4
136,Salmon Salad,Shell Pasta Salad with Salmon and Green Beans,https://www.allrecipes.com/recipe/14236/shell-pasta-salad-with-salmon-and-green-beans/,15 m,20 m,35 m,Original recipe yields 8 servings,139  cals,4.3 ,12.3,12.5 ,28 ,57 ,"1 cup seashell pasta;1/4 pound fresh green beans, cut into 1-inch lengths;1/4 cup low-fat cottage cheese;1/4 cup plain yogurt;1 tablespoon lemon juice;1/4 cup chopped fresh dill weed;2 (6 ounce) cans salmon, drained;ground black pepper to taste;8 leaves lettuce",4
137,Salmon Salad,"Grilled Salmon, Snap Peas and Spring Mix Salad with Chow Mein Noodles",https://www.allrecipes.com/recipe/220703/grilled-salmon-snap-peas-and-spring-mix-salad-with-chow-mein-noodles/,20 m,20 m,,Original recipe yields 4 servings,386  cals,22.9 ,18.5,26 ,51 ,874 ,"2 tablespoons packed brown sugar;2 tablespoons hoisin sauce;2 tablespoons reduced-sodium soy sauce;1/4 teaspoon crushed red pepper;4 (4 to 6-oz each) salmon fillets;Olive oil, as needed;Salt and ground pepper to taste;1 (8.75 oz) package DOLE® Extra Veggie™ with Snap Peas;1/2 red bell pepper, cut into 2-inch strips;Asian Vinaigrette*:;1/4 cup rice wine vinegar;3 tablespoons canola oil;2 teaspoons sesame oil;2 teaspoons reduced-sodium soy sauce;1/2 cup chow mein noodles",5
138,Salmon Salad,Spicy Salmon Salad Sandwiches,https://www.allrecipes.com/recipe/240997/spicy-salmon-salad-sandwiches/,15 m,15 m,,Original recipe yields 2 servings (2 sandwiches),368  cals,11.6 ,31,34.2 ,50 ,995 ,"1 (8 ounce) can salmon, undrained;1/4 cucumber, chopped;1 tablespoon capers, drained with liquid reserved and chopped;2 tablespoons light mayonnaise;1 tablespoon red wine vinegar;1 teaspoon red chile paste;1/4 teaspoon Sriracha hot sauce, or more to taste;4 slices whole wheat bread, toasted",2
139,Salmon Steaks,Ladybug's Seattle Salmon,https://www.allrecipes.com/recipe/216947/ladybugs-seattle-salmon/,20 m,25 m,45 m,Original recipe yields 4 servings,520  cals,32.5 ,7.1,47.4 ,131 ,1272 ,"1/4 cup mayonnaise;1 teaspoon Dijon mustard;2 tablespoons Italian-style salad dressing;2 tablespoons chopped sweet onion;4 (8 ounce) salmon steaks;2 tablespoons seafood seasoning (such as Chef Paul Prudhomme's Salmon Magic®), or to taste;1/4 cup Italian seasoned bread crumbs, or as needed;1/2 cup shredded sharp Cheddar cheese",4
140,Salmon Steaks,Special Salmon Steaks,https://www.allrecipes.com/recipe/123390/special-salmon-steaks/,5 m,15 m,20 m,Original recipe yields 2 servings,,,,,,,"2 (8 ounce) salmon steaks;2 tablespoons butter or margarine, melted;2 tablespoons lemon juice;1 green onion, sliced;1 tablespoon minced fresh parsley;1/4 teaspoon garlic salt;1/8 teaspoon lemon-pepper seasoning",1
141,Salmon Steaks,Mango Salsa Salmon,https://www.allrecipes.com/recipe/47658/mango-salsa-salmon/,15 m,15 m,30 m,Original recipe yields 4 servings,493  cals,28.8 ,24,35 ,99 ,107 ,"4 (6 ounce) salmon steaks;3 tablespoons olive oil;1 large red onion, diced;2 cloves garlic, peeled and minced;2 tomatoes, diced;1 sprig fresh cilantro, chopped;2 mangos - peeled, seeded, and diced",3
142,Salmon Steaks,Parmesan Crusted Salmon,https://www.allrecipes.com/recipe/36201/parmesan-crusted-salmon/,20 m,20 m,40 m,Original recipe yields 4 servings,677  cals,28.4 ,26.8,60 ,164 ,1414 ,1/2 cup Parmesan cheese;1 cup Italian seasoned bread crumbs;1 teaspoon dried tarragon;1 teaspoon dill weed;1 cup white wine;1/4 cup teriyaki sauce;1 tablespoon melted butter;1/4 cup chopped red onion;1 tablespoon minced garlic;2 pounds salmon steaks,3
143,Salmon Steaks,Salmon with Fruit Salsa,https://www.allrecipes.com/recipe/50743/salmon-with-fruit-salsa/,15 m,40 m,55 m,Original recipe yields 4 servings,216  cals,7 ,15.7,25.9 ,50 ,198 ,"1 pound salmon steaks;1 lemon, juiced;1 tablespoon chopped fresh rosemary;salt and pepper to taste;1 lemon, sliced;1/3 cup water;1/4 cup diced fresh pineapple;1/4 cup minced onion;3 cloves garlic, minced;2 fresh jalapeno peppers, diced;1 tomato, diced;1/2 cup pineapple juice;1/4 cup diced red bell pepper;1/4 cup diced yellow bell pepper",4
144,Salmon Steaks,Salmon with Dill,https://www.allrecipes.com/recipe/21555/salmon-with-dill/,5 m,25 m,30 m,Original recipe yields 4 servings,262  cals,18.1 ,0.7,22.8 ,82 ,254 ,1 pound salmon fillets or steaks;1/4 teaspoon salt;1/2 teaspoon ground black pepper;1 teaspoon onion powder;1 teaspoon dried dill weed;2 tablespoons butter,3
145,Salmon Steaks,Salmon with Brown Sugar and Bourbon Glaze,https://www.allrecipes.com/recipe/21752/salmon-with-brown-sugar-and-bourbon-glaze/,5 m,15 m,20 m,Original recipe yields 4 servings,561  cals,29.7 ,27,33.6 ,130 ,189 ,4 tablespoons butter;1/2 cup dark brown sugar;4 (6 ounce) salmon steaks;1/3 cup bourbon whiskey,1
146,Salmon Steaks,Easy Bake Fish,https://www.allrecipes.com/recipe/45361/easy-bake-fish/,15 m,20 m,35 m,Original recipe yields 4 servings,368  cals,18.2 ,15.6,33.5 ,99 ,381 ,3 tablespoons honey;3 tablespoons Dijon mustard;1 teaspoon lemon juice;4 (6 ounce) salmon steaks;1/2 teaspoon pepper,3
147,Salmon Steaks,Grilled Cilantro Salmon,https://www.allrecipes.com/recipe/85158/grilled-cilantro-salmon/,15 m,20 m,45 m,Original recipe yields 6 servings (6 Servings),459  cals,4.5 ,94.3,17 ,34 ,41 ,"1 bunch cilantro leaves, chopped;2 cloves garlic, chopped;2 cups honey;juice from one lime;4 salmon steaks;salt and pepper to taste",4
148,Salmon Steaks,Grilled Salmon with Avocado Dip,https://www.allrecipes.com/recipe/47569/grilled-salmon-with-avocado-dip/,15 m,15 m,45 m,Original recipe yields 6 servings,396  cals,26.9 ,6.8,32 ,91 ,640 ,"2 avocados - peeled, pitted and diced;2 cloves garlic, peeled and minced;3 tablespoons Greek-style yogurt;1 tablespoon fresh lemon juice;salt and pepper to taste;2 pounds salmon steaks;2 teaspoons dried dill weed;2 teaspoons lemon pepper;salt to taste",3
149,Salmon Steaks,Grilled Salmon Kyoto,https://www.allrecipes.com/recipe/48855/grilled-salmon-kyoto/,10 m,10 m,1 h 20 m,Original recipe yields 4 servings,407  cals,26.7 ,9.4,31.3 ,84 ,1332 ,"1/3 cup soy sauce;1/4 cup orange juice concentrate;2 tablespoons vegetable oil;2 tablespoons tomato sauce;1 teaspoon lemon juice;1/2 teaspoon prepared mustard;1 tablespoon green onion, minced;1 clove garlic, minced;1/2 teaspoon minced fresh ginger root;4 salmon steaks (1 inch thick);1 tablespoon olive oil",4
150,Salmon Steaks,Lemon-Pepper Salmon,https://www.allrecipes.com/recipe/75671/lemon-pepper-salmon/,10 m,20 m,30 m,Original recipe yields 4 servings,498  cals,23.5 ,36.2,31.6 ,89 ,1039 ,2 tablespoons butter;2 tablespoons olive oil;4 (4 ounce) salmon steaks;1 teaspoon minced garlic;1 tablespoon lemon pepper;1 teaspoon salt;1/4 cup water;1 cup chopped fresh tomatoes;1 cup chopped fresh cilantro;2 cups boiling water;1 cup uncooked couscous,2
151,Salmon Steaks,Grilled Salmon with Habanero-Lime Butter,https://www.allrecipes.com/recipe/21352/grilled-salmon-with-habanero-lime-butter/,25 m,16 m,2 h 41 m,Original recipe yields 4 servings,480  cals,38.9 ,5.4,25 ,100 ,264 ,"1/4 cup vegetable oil;1/2 cup orange juice;3 tablespoons lime juice;1 tablespoon tequila;1 tablespoon grated lime zest;1 tablespoon minced habanero pepper;1 clove garlic, minced;4 (5 ounce) salmon steaks;1/4 cup butter, softened;1/4 teaspoon garlic salt;1 tablespoon lime juice;2 teaspoons minced habanero pepper;2 teaspoons grated lime zest",4
152,Salmon Steaks,Teriyaki Salmon,https://www.allrecipes.com/recipe/228285/teriyaki-salmon/,10 m,15 m,1 h 25 m,Original recipe yields 4 servings,411  cals,25.8 ,10.3,33.6 ,83 ,973 ,"1/4 cup sesame oil;1/4 cup lemon juice;1/4 cup soy sauce;2 tablespoons brown sugar, or more to taste;1 tablespoon sesame seeds;1 teaspoon ground mustard;1 teaspoon ground ginger;1/4 teaspoon garlic powder;4 (6 ounce) salmon steaks",3
153,Salmon Steaks,Charbroiled Salmon,https://www.allrecipes.com/recipe/12710/charbroiled-salmon/,5 m,10 m,2 h 15 m,Original recipe yields 4 servings,470  cals,24.9 ,8.6,50.2 ,134 ,3758 ,"1 cup soy sauce;2 tablespoons red wine;1/2 teaspoon ground ginger;1/2 teaspoon ground black pepper;2 pounds salmon steaks;4 sprigs fresh parsley, for garnish;4 slices lemon, for garnish",3
154,Salmon Steaks,Lime-Marinated Grilled Salmon,https://www.allrecipes.com/recipe/165079/lime-marinated-grilled-salmon/,10 m,10 m,1 h 20 m,Original recipe yields 4 servings (4 salmon steaks),311  cals,19.8 ,2.1,29.5 ,84 ,144 ,1/4 cup fresh lime juice;1 tablespoon olive oil;2 teaspoons Dijon mustard;1/4 teaspoon ground ginger;1/4 teaspoon garlic powder;1/4 teaspoon cayenne pepper;1/8 teaspoon black pepper;4 salmon steaks,3
155,Salmon Steaks,Grilled Salmon Steaks with Savory Blueberry Sauce,https://www.allrecipes.com/recipe/89645/grilled-salmon-steaks-with-savory-blueberry-sauce/,10 m,15 m,25 m,Original recipe yields 4 servings,383  cals,23.2 ,12.8,29.6 ,83 ,265 ,1/2 cup chicken stock;1/4 cup balsamic vinegar;1/4 cup orange juice;1 teaspoon honey;1 tablespoon cornstarch;1/4 cup chicken stock;1 cup fresh blueberries;2 teaspoons chopped fresh chives;4 (6 ounce) salmon steaks;2 tablespoons olive oil;salt and pepper to taste,3
156,Salmon Steaks,Sara's Soy Marinated and Cream Cheese-Stuffed Salmon,https://www.allrecipes.com/recipe/142632/saras-soy-marinated-and-cream-cheese-stuffed-salmon/,20 m,15 m,55 m,Original recipe yields 4 servings,621  cals,29.6 ,29.7,57.7 ,148 ,3933 ,"1 cup low sodium soy sauce;3 tablespoons honey;2 tablespoons whole grain Dijon mustard;1 teaspoon ground ginger;4 cloves garlic, minced;1/2 teaspoon red pepper flakes, or to taste;4 (8 ounce) salmon fillets or steaks;3/4 cup cream cheese, softened;3 green onions, finely chopped;1/2 teaspoon whole grain Dijon mustard;1/2 cup teriyaki sauce;1 tablespoon sesame seeds",5
157,Salmon Steaks,Grilled Salmon with Curried Peach Sauce,https://www.allrecipes.com/recipe/165059/grilled-salmon-with-curried-peach-sauce/,15 m,15 m,30 m,Original recipe yields 2 servings (2 salmon steaks),468  cals,18.6 ,41.5,34.1 ,100 ,106 ,"2 fresh peaches, peeled and diced;1/4 cup honey;1 teaspoon curry powder;salt and pepper to taste;2 salmon steaks",3
158,Salmon Steaks,Paper Salmon,https://www.allrecipes.com/recipe/103794/paper-salmon/,10 m,15 m,25 m,Original recipe yields 2 servings,333  cals,22.2 ,2.7,29 ,84 ,95 ,"2 (5 ounce) salmon fillets or steaks;2 tablespoons frozen green peas;2 cloves garlic, crushed;2 dashes lemon juice;1 tablespoon olive oil",3
159,Salmon Steaks,Mexican Salmon,https://www.allrecipes.com/recipe/38025/mexican-salmon/,20 m,10 m,1 h 30 m,Original recipe yields 4 servings,394  cals,21.6 ,11.9,38.2 ,119 ,298 ,"2 tablespoons olive oil;2 limes, juiced;2 marinated roasted red peppers, with liquid;1 clove garlic, finely chopped;1/8 teaspoon ground allspice;1/8 teaspoon ground cinnamon;1/4 teaspoon ground cumin;1/4 teaspoon white sugar;salt and pepper to taste;1 1/2 pounds salmon steaks;1 large tomato, cut into thin wedges;3 green onions, chopped;1 cup shredded lettuce;1 lime, sliced",3
160,Smoked Salmon,Farfalle with Asparagus and Smoked Salmon,https://www.allrecipes.com/recipe/15428/farfalle-with-asparagus-and-smoked-salmon/,10 m,20 m,2 h 30 m,Original recipe yields 4 servings,261  cals,6 ,45.1,10 ,2 ,71 ,"1 (8 ounce) package farfalle pasta;1/2 cup fresh steamed asparagus tips;1 ounce smoked salmon, chopped;1 lemon, juiced;1 tablespoon chopped pistachio nuts;1 teaspoon chopped fresh basil;1 tablespoon extra virgin olive oil;salt and pepper to taste",3
161,Smoked Salmon,Alder Plank Smoked Salmon,https://www.allrecipes.com/recipe/17956/alder-plank-smoked-salmon/,15 m,6 h,10 h 15 m,Original recipe yields 10 servings,207  cals,8 ,2.8,29.1 ,61 ,174 ,brine;1 (3 pound) salmon fillet;freshly ground black pepper to taste;1/8 cup packed brown sugar;1/2 teaspoon salt;1 tablespoon water,5
162,Smoked Salmon,Smoked Salmon Sushi Roll,https://www.allrecipes.com/recipe/19511/smoked-salmon-sushi-roll/,30 m,5 h,,Original recipe yields 6 servings (6 rolls),291  cals,6.9 ,45.1,11.1 ,9 ,405 ,"2 cups Japanese sushi rice;6 tablespoons rice wine vinegar;6 sheets nori (dry seaweed);1 avocado - peeled, pitted and sliced;1 cucumber, peeled and sliced;8 ounces smoked salmon, cut into long strips;2 tablespoons wasabi paste",4
163,Smoked Salmon,Smoked Salmon Alfredo Sauce,https://www.allrecipes.com/recipe/11782/smoked-salmon-alfredo-sauce/,10 m,30 m,40 m,Original recipe yields 4 servings,588  cals,58.1 ,5.5,13.4 ,207 ,575 ,"1/4 onion, chopped;1/4 cup butter;1/2 pound smoked salmon, chopped;1 pint heavy whipping cream;1 tomato, diced;2 tablespoons chopped fresh parsley;ground black pepper to taste",1
164,Smoked Salmon,Smoked Salmon Pasta with Scotch,https://www.allrecipes.com/recipe/72896/smoked-salmon-pasta-with-scotch/,15 m,30 m,45 m,Original recipe yields 8 servings,580  cals,28.1 ,48.9,18.1 ,92 ,519 ,"1 (16 ounce) package dry penne pasta;1 tablespoon olive oil;1 medium onion, finely chopped;2 cups fish stock;2 cups white wine;3 tablespoons Scotch whiskey;1/2 pound chopped smoked salmon;2 cups heavy cream;freshly ground black pepper to taste;1/2 cup grated Parmesan cheese for topping;1 bunch Italian flat leaf parsley, chopped",4
165,Smoked Salmon,Smoked Salmon Vodka Cream Sauce,https://www.allrecipes.com/recipe/12053/smoked-salmon-vodka-cream-sauce/,,,,Original recipe yields 2 servings,282  cals,18.6 ,5.9,8 ,64 ,641 ,1 tablespoon butter;1 tablespoon finely diced onion;1/2 cup diced smoked salmon;2 fluid ounces vodka;1/4 cup heavy whipping cream;1/4 cup chopped tomatoes;1/2 cup tomato sauce;salt to taste;ground black pepper to taste;1 pinch ground nutmeg;1/8 tablespoon cayenne pepper,3
166,Smoked Salmon,Mom's Smoked Salmon Fried Rice,https://www.allrecipes.com/recipe/148097/moms-smoked-salmon-fried-rice/,20 m,15 m,35 m,Original recipe yields 6 servings,458  cals,10 ,76.8,12.9 ,66 ,198 ,"6 cups water;3 cups long grain white rice, uncooked;3 tablespoons cooking oil, divided;2 eggs, beaten;1/2 onion, finely chopped;1 green onion, chopped;4 ounces smoked salmon, chopped;1/2 cup frozen peas;salt and freshly ground pepper, to taste",3
167,Smoked Salmon,Smoked Salmon Dill Eggs Benedict,https://www.allrecipes.com/recipe/222399/smoked-salmon-dill-eggs-benedict/,10 m,10 m,20 m,Original recipe yields 2 servings,528  cals,35.3 ,27,26.3 ,400 ,1298 ,"1/4 cup butter, softened;2 tablespoons fresh dill;1 teaspoon lemon zest;1 pinch cayenne pepper;salt and ground black pepper to taste;1 teaspoon white vinegar;1 pinch salt;4 eggs;2 English muffins, split and toasted;4 ounces sliced smoked salmon;1 pinch cayenne pepper;salt and ground black pepper to taste;4 small fresh dill sprigs",3
168,Smoked Salmon,Smoked Salmon Spread,https://www.allrecipes.com/recipe/15361/smoked-salmon-spread/,5 m,5 m,,Original recipe yields 9 servings (8 to 10 servings),219  cals,19 ,1.5,10.7 ,63 ,453 ,"2 (8 ounce) packages cream cheese, softened;12 ounces smoked salmon, chopped;3 dashes Worcestershire sauce;3 drops hot pepper sauce;1 teaspoon chopped fresh dill weed;2 tablespoons chopped green onion",1
169,Smoked Salmon,Creamy Smoked Salmon Pasta,https://www.allrecipes.com/recipe/24961/creamy-smoked-salmon-pasta/,15 m,15 m,30 m,Original recipe yields 8 servings,398  cals,13.7 ,49.9,20 ,40 ,520 ,"6 tablespoons butter;1/2 onion, finely chopped;2 tablespoons all-purpose flour;2 teaspoons garlic powder;2 cups skim milk;1/2 cup grated Romano cheese;1 cup frozen green peas, thawed and drained;1/2 cup canned mushrooms, drained;10 ounces smoked salmon, chopped;1 (16 ounce) package penne pasta",4
170,Smoked Salmon,Salmon and Spinach Fettuccine,https://www.allrecipes.com/recipe/43845/salmon-and-spinach-fettuccine/,15 m,25 m,40 m,Original recipe yields 4 servings,512  cals,22.6 ,49.4,28.9 ,66 ,1065 ,"8 ounces dry fettuccine pasta;1/4 cup butter;1 cup milk;1 tablespoon all-purpose flour;1 cup freshly grated Parmesan cheese;1/2 pound smoked salmon, chopped;1 cup chopped fresh spinach;2 tablespoons capers;1/4 cup chopped sun-dried tomatoes;1/2 cup chopped fresh oregano",3
171,Smoked Salmon,Mimi's Smoked Salmon Chowder,https://www.allrecipes.com/recipe/140897/mimis-smoked-salmon-chowder/,35 m,1 h 5 m,1 h 40 m,Original recipe yields 8 servings,205  cals,9.5 ,20.5,8.5 ,25 ,561 ,"2 tablespoons butter;1 tablespoon olive oil;1 cup chopped onion;2 cloves garlic, chopped;1/2 cup chopped celery;1/2 cup all-purpose flour;6 cups chicken broth or vegetable broth;1 pound potatoes - peeled and cubed;1 teaspoon dried dill weed;1 teaspoon dried tarragon;1 teaspoon dried thyme;1/2 teaspoon paprika;8 ounces smoked salmon, cut into 1/2 inch pieces;1/4 cup white wine;1 tablespoon fresh lemon juice;1/4 teaspoon hot sauce;1 teaspoon salt;1 teaspoon fresh-ground black pepper;1 cup half and half",3
172,Smoked Salmon,The Best Smoked Salmon Spread,https://www.allrecipes.com/recipe/233564/the-best-smoked-salmon-spread/,15 m,15 m,,Original recipe yields 10 servings,120  cals,10.8 ,1.1,5 ,37 ,312 ,"1 (8 ounce) package cream cheese, softened;6 ounces smoked salmon, chopped;1/4 cup capers, or to taste;2 tablespoons chopped green onion (optional);1 1/2 teaspoons chopped fresh dill;1/4 cup heavy whipping cream;3 dashes Worcestershire sauce;3 drops hot pepper sauce;1 squeeze fresh lemon juice",1
173,Smoked Salmon,Smoked Salmon Mousse,https://www.allrecipes.com/recipe/25547/smoked-salmon-mousse/,15 m,15 m,,Original recipe yields 16 servings (2 cups),67  cals,6 ,0.8,2.8 ,26 ,99 ,"4 ounces smoked salmon;2 tablespoons heavy cream;1 (8 ounce) package cream cheese, softened;1/2 lemon, juiced;1/2 teaspoon dried dill weed to taste;salt and pepper to taste;1 ounce salmon roe",1
174,Smoked Salmon,Asparagus and Smoked Salmon Salad,https://www.allrecipes.com/recipe/80542/asparagus-and-smoked-salmon-salad/,15 m,10 m,25 m,Original recipe yields 8 servings,159  cals,12.9 ,7,6 ,3 ,304 ,"1 pound fresh asparagus, trimmed and cut into 1 inch pieces;1/2 cup pecans, broken into pieces;2 heads red leaf lettuce, rinsed and torn;1/2 cup frozen green peas, thawed;1/4 pound smoked salmon, cut into 1 inch chunks;1/4 cup olive oil;2 tablespoons lemon juice;1 teaspoon Dijon mustard;1/2 teaspoon salt;1/4 teaspoon pepper",4
175,Smoked Salmon,Smoked Salmon Pesto Pasta,https://www.allrecipes.com/recipe/11745/smoked-salmon-pesto-pasta/,15 m,15 m,30 m,Original recipe yields 4 servings,571  cals,30.6 ,51.1,24.2 ,23 ,738 ,"5 ounces smoked salmon, cut into small pieces;1 onion, chopped;1 clove crushed garlic;2 cups sliced fresh mushrooms;3/4 cup prepared basil pesto sauce;3 tablespoons tomato paste;2 tablespoons olive oil;1 tablespoon chopped fresh basil;1/4 cup water;8 ounces spaghetti",3
176,Smoked Salmon,Salmon Spread I,https://www.allrecipes.com/recipe/24585/salmon-spread-i/,5 m,5 m,,Original recipe yields 12 servings,72  cals,6.7 ,0.7,2.3 ,22 ,105 ,"1 (8 ounce) package cream cheese, softened;2 ounces flaked or chopped smoked salmon;1 teaspoon lemon juice;1/2 teaspoon Worcestershire sauce;1/2 teaspoon minced garlic;1/4 teaspoon onion powder;1/4 teaspoon seafood seasoning;1 dash ground black pepper",1
177,Smoked Salmon,Smoked Salmon Chowder,https://www.allrecipes.com/recipe/151944/smoked-salmon-chowder/,20 m,1 h,1 h 20 m,Original recipe yields 6 servings,1144  cals,63.3 ,93.1,48.4 ,155 ,2405 ,"10 slices bacon, chopped;2 large onions, finely chopped;4 stalks celery, finely chopped;3 carrots, finely chopped;5 green onions, finely chopped;1/3 cup chopped fresh parsley;1/2 cup water;6 cups fish stock;salt to taste;1 1/2 tablespoons ground black pepper;1 1/2 tablespoons dried dill weed;8 red potatoes, cubed;1 cup butter;1 cup all-purpose flour;5 cups milk;3/4 cup white wine (optional);1/4 cup lemon juice;1 1/2 pounds flaked or chopped smoked salmon;1 1/2 cups frozen corn kernels",4
178,Smoked Salmon,Smoked Salmon and Egg Salad,https://www.allrecipes.com/recipe/16855/smoked-salmon-and-egg-salad/,15 m,15 m,30 m,Original recipe yields 8 servings,333  cals,30.1 ,3.1,13.2 ,294 ,410 ,"12 eggs;2 stalks celery, chopped;1 red onion, chopped;5 ounces diced smoked salmon;1 cup mayonnaise;3 tablespoons chopped fresh dill;salt and pepper to taste",2
179,Smoked Salmon,Smoked Salmon Frittata,https://www.allrecipes.com/recipe/71928/smoked-salmon-frittata/,30 m,30 m,1 h,Original recipe yields 4 servings,401  cals,35.9 ,3.2,17.3 ,327 ,504 ,"4 tablespoons olive oil;1/4 medium onion, chopped;salt and pepper to taste;4 ounces pepper smoked salmon;8 black olives, chopped;6 eggs;2 tablespoons milk;2 tablespoons heavy cream;1/2 (8 ounce) package cream cheese, cubed",4
180,Smoked Salmon,Eggs Benedict with Salmon,https://www.allrecipes.com/recipe/20915/eggs-benedict-with-salmon/,30 m,20 m,1 h,Original recipe yields 8 servings,223  cals,9.3 ,18.1,16.4 ,271 ,617 ,"3/4 cup plain low-fat yogurt;2 teaspoons lemon juice;3 egg yolks;1/2 teaspoon prepared Dijon-style mustard;1/4 teaspoon salt;1/4 teaspoon white sugar;1 pinch ground black pepper;1 dash hot pepper sauce;8 eggs;8 slices rye bread;8 ounces smoked salmon, cut into thin slices;1 tablespoon chopped fresh parsley, for garnish;1 teaspoon capers, for garnish",3
181,Smoked Salmon,Easy Smoked Salmon Pasta,https://www.allrecipes.com/recipe/133846/easy-smoked-salmon-pasta/,15 m,20 m,35 m,Original recipe yields 2 servings,577  cals,17.6 ,87.4,19.8 ,25 ,194 ,"1 (8 ounce) package linguine pasta;1 tablespoon butter;1 tablespoon extra-virgin olive oil;1 shallot, minced;1 ounce smoked salmon, cut into small pieces;1 tablespoon reduced-fat cream cheese;3 tablespoons milk",2
182,BBQ & Grilled Salmon,Grilled Salmon I,https://www.allrecipes.com/recipe/12720/grilled-salmon-i/,15 m,16 m,2 h 31 m,Original recipe yields 6 servings,318  cals,20.1 ,13.2,20.5 ,56 ,1092 ,1 1/2 pounds salmon fillets;lemon pepper to taste;garlic powder to taste;salt to taste;1/3 cup soy sauce;1/3 cup brown sugar;1/3 cup water;1/4 cup vegetable oil,4
183,BBQ & Grilled Salmon,Cedar Plank-Smoked Salmon,https://www.allrecipes.com/recipe/263218/cedar-plank-smoked-salmon/,10 m,1 h,1 h 10 m,Original recipe yields 4 servings,336  cals,26.9 ,3.8,21.5 ,110 ,637 ,"1/2 cup unsalted butter;3 cloves garlic, peeled;3 sprigs fresh dill;1 teaspoon salt, or to taste;1 pound salmon filet;1 plank food-safe wood, such as untreated cedar or alder wood;1 lemon, thinly sliced;2 sprigs fresh dill, or more to taste",5
184,BBQ & Grilled Salmon,Smokey Salmon,https://www.allrecipes.com/recipe/239055/smokey-salmon/,10 m,15 m,25 m,Original recipe yields 2 servings,433  cals,19.3 ,14,48.6 ,116 ,374 ,"cooking spray;1 pound salmon;2 tablespoons maple syrup;1 teaspoon Creole seasoning;salt and ground black pepper to taste;1 tablespoon butter, cut into small chunks",3
185,BBQ & Grilled Salmon,Balsamic and Rosemary Grilled Salmon,https://www.allrecipes.com/recipe/104973/balsamic-and-rosemary-grilled-salmon/,10 m,10 m,50 m,Original recipe yields 4 servings (4 salmon fillets),280  cals,21.1 ,2.2,19.7 ,56 ,136 ,"4 (4 ounce) salmon fillets;sea salt to taste;1 tablespoon balsamic vinegar;3 tablespoons olive oil;1/4 cup lemon juice;1 clove garlic, minced;1 sprig fresh rosemary, minced",3
186,BBQ & Grilled Salmon,Sesame Grilled Salmon,https://www.allrecipes.com/recipe/237900/sesame-grilled-salmon/,10 m,10 m,25 m,Original recipe yields 2 servings,406  cals,18.5 ,14.7,43.7 ,112 ,1879 ,"1/4 cup light soy sauce;1 1/2 tablespoons honey;1 tablespoon grated fresh ginger;1 clove garlic, minced;1 pound salmon fillets;1 teaspoon sesame oil;2 teaspoons sesame seeds",4
187,BBQ & Grilled Salmon,Maple Teriyaki Salmon Barbeque,https://www.allrecipes.com/recipe/51248/maple-teriyaki-salmon-barbeque/,3 h,20 m,3 h 20 m,Original recipe yields 4 servings,501  cals,24.5 ,21.9,45.7 ,133 ,813 ,"1/3 cup apple juice;1/3 cup maple syrup;3 tablespoons soy sauce;2 tablespoons finely chopped onion;2 cloves garlic, minced;4 (8 ounce) salmon fillets",3
188,BBQ & Grilled Salmon,Anne's Fabulous Grilled Salmon,https://www.allrecipes.com/recipe/116006/annes-fabulous-grilled-salmon/,15 m,30 m,1 h 5 m,Original recipe yields 6 servings,432  cals,21.8 ,8.5,48.9 ,154 ,278 ,"1 tablespoon vegetable oil;1 tablespoon soy sauce;1 teaspoon Worcestershire sauce;1 lemon, juiced;1/2 teaspoon grated fresh ginger root;2 tablespoons honey;1/3 cup chopped fresh basil leaves;1 tablespoon finely chopped shallots;1 (3 pound) salmon fillet, with skin",2
189,BBQ & Grilled Salmon,Salmon Tango,https://www.allrecipes.com/recipe/29455/salmon-tango/,15 m,8 m,1 h 23 m,Original recipe yields 5 servings,323  cals,18.9 ,11.7,24.5 ,101 ,308 ,"1/4 cup butter, melted;1/4 cup brown sugar;1 tablespoon soy sauce;2 tablespoons lemon juice;2 tablespoons white wine;1 1/4 pounds salmon fillets",4
190,BBQ & Grilled Salmon,Firecracker Grilled Alaska Salmon,https://www.allrecipes.com/recipe/16699/firecracker-grilled-alaska-salmon/,20 m,20 m,6 h 40 m,Original recipe yields 8 servings,307  cals,21.5 ,4.6,23.3 ,63 ,649 ,"8 (4 ounce) fillets salmon;1/2 cup peanut oil;4 tablespoons soy sauce;4 tablespoons balsamic vinegar;4 tablespoons green onions, chopped;3 teaspoons brown sugar;2 cloves garlic, minced;1 1/2 teaspoons ground ginger;2 teaspoons crushed red pepper flakes;1 teaspoon sesame oil;1/2 teaspoon salt",3
191,BBQ & Grilled Salmon,Cedar Planked Salmon,https://www.allrecipes.com/recipe/109297/cedar-planked-salmon/,15 m,20 m,35 m,Original recipe yields 6 servings,678  cals,45.8 ,1.7,61.3 ,179 ,981 ,"3 (12 inch) untreated cedar planks;1/3 cup vegetable oil;1 1/2 tablespoons rice vinegar;1 teaspoon sesame oil;1/3 cup soy sauce;1/4 cup chopped green onions;1 tablespoon grated fresh ginger root;1 teaspoon minced garlic;2 (2 pound) salmon fillets, skin removed",4
192,BBQ & Grilled Salmon,Heather's Grilled Salmon,https://www.allrecipes.com/recipe/218093/heathers-grilled-salmon/,10 m,10 m,1 h 20 m,Original recipe yields 4 servings,380  cals,19.4 ,15.7,34.7 ,88 ,1251 ,1/4 cup brown sugar;1/4 cup olive oil;1/4 cup soy sauce;2 teaspoons lemon pepper;1 teaspoon dried thyme;1 teaspoon dried basil;1 teaspoon dried parsley;1/2 teaspoon garlic powder;4 (6 ounce) salmon fillets,3
193,BBQ & Grilled Salmon,Slammin' Salmon,https://www.allrecipes.com/recipe/137414/slammin-salmon/,10 m,8 m,2 h 18 m,Original recipe yields 4 servings,664  cals,50.4 ,11.2,40.9 ,112 ,1599 ,"1/4 cup balsamic vinegar;1/4 cup lemon juice;1/4 cup soy sauce;1 teaspoon salt;1 tablespoon brown sugar;1 1/2 teaspoons ground ginger;1 teaspoon paprika;1 teaspoon black pepper;1 teaspoon crushed red pepper flakes;4 cloves garlic, minced;1/4 cup chopped green onions;1 teaspoon sesame oil;1/2 cup peanut oil;8 (4 ounce) skinless, boneless salmon fillets",4
194,BBQ & Grilled Salmon,Honey-Ginger Grilled Salmon,https://www.allrecipes.com/recipe/29460/honey-ginger-grilled-salmon/,10 m,15 m,40 m,Original recipe yields 4 servings,373  cals,14.5 ,22.3,37.6 ,114 ,1291 ,"1 teaspoon ground ginger;1 teaspoon garlic powder;1/3 cup soy sauce;1/3 cup orange juice;1/4 cup honey;1 green onion, chopped;1 (1 1/2-pound) salmon fillet",3
195,BBQ & Grilled Salmon,Grilled Salmon II,https://www.allrecipes.com/recipe/12725/grilled-salmon-ii/,10 m,20 m,6 h 30 m,Original recipe yields 6 servings (4 servings),233  cals,17.6 ,2.9,15.3 ,44 ,395 ,"4 (4 ounce) fillets salmon;1/4 cup peanut oil;2 tablespoons soy sauce;2 tablespoons balsamic vinegar;2 tablespoons thinly sliced green onion;1 1/2 teaspoons brown sugar;1 clove garlic, minced;3/4 teaspoon ground ginger;1/2 teaspoon crushed red pepper flakes;1/2 teaspoon sesame oil;1/8 teaspoon salt",3
196,BBQ & Grilled Salmon,Chile Garlic BBQ Salmon,https://www.allrecipes.com/recipe/88404/chile-garlic-bbq-salmon/,15 m,30 m,45 m,Original recipe yields 6 servings,438  cals,24.7 ,5.3,46.2 ,134 ,738 ,"3 pounds whole salmon, cleaned;1/4 cup soy sauce;1 tablespoon chile sauce;1 tablespoon chopped fresh ginger root;1 clove garlic, chopped;1 lime, juiced;1 lime, zested;1 tablespoon brown sugar;3 green onions, chopped",5
197,BBQ & Grilled Salmon,Grilled Cilantro Salmon,https://www.allrecipes.com/recipe/85158/grilled-cilantro-salmon/,15 m,20 m,45 m,Original recipe yields 6 servings (6 Servings),459  cals,4.5 ,94.3,17 ,34 ,41 ,"1 bunch cilantro leaves, chopped;2 cloves garlic, chopped;2 cups honey;juice from one lime;4 salmon steaks;salt and pepper to taste",4
198,BBQ & Grilled Salmon,Grilled Salmon with Avocado Dip,https://www.allrecipes.com/recipe/47569/grilled-salmon-with-avocado-dip/,15 m,15 m,45 m,Original recipe yields 6 servings,396  cals,26.9 ,6.8,32 ,91 ,640 ,"2 avocados - peeled, pitted and diced;2 cloves garlic, peeled and minced;3 tablespoons Greek-style yogurt;1 tablespoon fresh lemon juice;salt and pepper to taste;2 pounds salmon steaks;2 teaspoons dried dill weed;2 teaspoons lemon pepper;salt to taste",3
199,BBQ & Grilled Salmon,Pepper-Honey Cedar Plank Salmon,https://www.allrecipes.com/recipe/165827/pepper-honey-cedar-plank-salmon/,15 m,30 m,1 h 45 m,Original recipe yields 6 servings,484  cals,16.7 ,47.3,37 ,114 ,893 ,"2 (12 inch) untreated cedar planks;1/4 cup pineapple juice;1/3 cup soy sauce;2 tablespoons white vinegar;2 tablespoons lemon juice;1 tablespoon olive oil;3/4 cup honey;1/4 cup packed brown sugar;1 teaspoon ground black pepper;1/2 teaspoon cayenne pepper;1/2 teaspoon paprika;1/4 teaspoon garlic powder;6 (6 ounce) skinless, boneless salmon fillets;1 pinch salt and pepper to taste",4
200,BBQ & Grilled Salmon,"Cedar Plank-Grilled Salmon with Garlic, Lemon and Dill",https://www.allrecipes.com/recipe/107087/cedar-plank-grilled-salmon-with-garlic-lemon-and-dill/,15 m,20 m,1 h 5 m,Original recipe yields 8 servings (8 (6-ounce) servings),366  cals,26.4 ,1.1,29.2 ,83 ,662 ,"1 (3 pound) whole filet of salmon, skin on, scored (up to but not through the skin) into serving pieces;6 tablespoons extra-virgin olive oil;4 large garlic cloves, minced;1/4 cup minced fresh dill;2 teaspoons salt;1 teaspoon ground black pepper;1 teaspoon lemon zest, plus lemon wedges for serving",3
201,BBQ & Grilled Salmon,Grilled Salmon Kyoto,https://www.allrecipes.com/recipe/48855/grilled-salmon-kyoto/,10 m,10 m,1 h 20 m,Original recipe yields 4 servings,407  cals,26.7 ,9.4,31.3 ,84 ,1332 ,"1/3 cup soy sauce;1/4 cup orange juice concentrate;2 tablespoons vegetable oil;2 tablespoons tomato sauce;1 teaspoon lemon juice;1/2 teaspoon prepared mustard;1 tablespoon green onion, minced;1 clove garlic, minced;1/2 teaspoon minced fresh ginger root;4 salmon steaks (1 inch thick);1 tablespoon olive oil",4
202,BBQ & Grilled Salmon,Fast Salmon with a Ginger Glaze,https://www.allrecipes.com/recipe/221267/fast-salmon-with-a-ginger-glaze/,5 m,20 m,25 m,Original recipe yields 4 servings,377  cals,13.7 ,13.4,48.4 ,100 ,519 ,"4 (8 ounce) fresh salmon fillets;salt to taste;1/3 cup cold water;1/4 cup seasoned rice vinegar;2 tablespoons brown sugar;1 tablespoon hot chile paste (such as sambal oelek);1 tablespoon finely grated fresh ginger;4 cloves garlic, minced;1 teaspoon soy sauce;1/4 cup chopped fresh basil",6
203,BBQ & Grilled Salmon,Salmon Rosemary Burgers,https://www.allrecipes.com/recipe/89606/salmon-rosemary-burgers/,15 m,10 m,55 m,Original recipe yields 8 servings,364  cals,20.2 ,11.5,32 ,141 ,379 ,"2 1/2 pounds king salmon fillet, skinned and de-boned;1 cup dry bread crumbs;1/2 cup minced red onion;1 tablespoon Dijon mustard;2 teaspoons prepared horseradish;2 eggs, lightly beaten;1 tablespoon minced fresh rosemary;1/2 teaspoon salt;1/2 teaspoon freshly ground black pepper;2 tablespoons olive oil",5
204,BBQ & Grilled Salmon,Grilled Salmon with Habanero-Lime Butter,https://www.allrecipes.com/recipe/21352/grilled-salmon-with-habanero-lime-butter/,25 m,16 m,2 h 41 m,Original recipe yields 4 servings,480  cals,38.9 ,5.4,25 ,100 ,264 ,"1/4 cup vegetable oil;1/2 cup orange juice;3 tablespoons lime juice;1 tablespoon tequila;1 tablespoon grated lime zest;1 tablespoon minced habanero pepper;1 clove garlic, minced;4 (5 ounce) salmon steaks;1/4 cup butter, softened;1/4 teaspoon garlic salt;1 tablespoon lime juice;2 teaspoons minced habanero pepper;2 teaspoons grated lime zest",4
205,BBQ & Grilled Salmon,Marinated Wild Salmon,https://www.allrecipes.com/recipe/84675/marinated-wild-salmon/,15 m,15 m,30 m,Original recipe yields 4 servings (4 salmon fillets),379  cals,26.2 ,12.3,23.5 ,68 ,74 ,"4 salmon fillets;salt and pepper to taste;1 tablespoon onion powder;1 teaspoon crushed red pepper flakes;1/4 cup olive oil;1/4 cup fresh lemon juice;4 cloves garlic, minced;3 tablespoons white balsamic vinegar;2 tablespoons white sugar;2 tablespoons chopped green onions;2 tablespoons chopped cilantro",4
206,BBQ & Grilled Salmon,Super Grilled Salmon,https://www.allrecipes.com/recipe/86671/super-grilled-salmon/,15 m,15 m,8 h 30 m,Original recipe yields 6 servings,455  cals,26.1 ,12.7,35.3 ,98 ,1310 ,"1/4 cup brown sugar;1/2 cup hot water;1/2 cup Shiraz wine;1/2 cup soy sauce;1/3 cup olive oil;3 cloves garlic, minced;1/3 teaspoon lemon pepper;2 pounds salmon fillets;1 tablespoon cornstarch;2 tablespoons cold water",4
